Project,Group,Key,Issuetype,Status,Created Date,Component,Category,First Date,Closed Date,New,In Specification,Open,In Progress,In Review,Pending,Resolved,Closed,Resolution 
Transformation Product Accounts Payable,,TRANSAP-38,Story,New,05.04.2022 15:43:12,Dokumentenmanagement|Prozess-MGMT, agile Transformation|,,,,568597,0,0,0,0,0,0, 
Transformation Product Accounts Payable,,TRANSAP-30,Story,New,31.03.2022 10:11:23,MPM, Rollout, Test MGMT|,,,,576129,0,0,0,0,0,0, 
Transformation Product Accounts Payable,,TRANSAP-29,Story,New,31.03.2022 09:55:27,Kreditorenbuchhaltung|MPM, Rollout, Test MGMT|Rechnungspr√ºfung|,,,,576145,0,0,0,0,0,0, 
PKT Test Data Management,,PKTTDM-29,Story,Closed,09.07.2021 10:55:13,POQ|PRI10|,,13.07.2021 12:33:00,09.08.2022 16:38:17,5857,0,14470,147123,38527,364602,0,387102,Done 
PKT Rekla 2025,,PKTREKLA-8875,Defect,In Progress,14.09.2022 11:29:34,BCM|Defect_PROTON|,,14.09.2022 11:57:47,,28,0,0,335543,0,0,0,0, 
PKT Rekla 2025,,PKTREKLA-6129,Defect,Closed,05.04.2022 07:41:54,Defect_PROTON|,,31.05.2022 18:36:19,30.06.2022 16:17:35,81294,0,0,0,39161,0,3898,444724,Duplicate 
PROTON R/3 - S/4 HANA Migration,,PKTMIGR-504,Defect,Closed,17.02.2022 11:52:09,,,31.08.2022 16:01:07,31.08.2022 16:01:07,281048,0,0,0,0,0,0,355459,Rejected 
PKT 2025 - Cluster FI,,PKTFIN-10626,Task,Resolved,23.11.2022 14:55:41,AP|STARD|,,23.11.2022 14:57:21,29.11.2022 08:27:31,1,0,0,7226,1023,0,226313,0,Done 
PKT 2025 - Cluster FI,,PKTFIN-10609,Test,Ready,21.11.2022 14:07:48,AP|PKT/GFBB|Template|,,21.11.2022 14:21:29,,13,0,237479,0,0,0,0,0, 
PKT 2025 - Cluster FI,,PKTFIN-10562,Test,New,17.11.2022 15:25:37,AP|,,,,243175,0,0,0,0,0,0, 
PKT 2025 - Cluster FI,,PKTFIN-10461,Test,New,14.11.2022 21:05:29,AP|,,,,247155,0,0,0,0,0,0, 
PKT 2025 - Cluster FI,,PKTFIN-10333,Defect,Open,10.11.2022 15:42:49,AP|,,22.11.2022 15:47:53,,17285,0,235952,0,0,0,0,0, 
PKT 2025 - Cluster FI,,PKTFIN-10329,Test,New,10.11.2022 14:20:59,AP|,,,,253319,0,0,0,0,0,0, 
PKT 2025 - Cluster FI,,PKTFIN-10245,Test,Ready,09.11.2022 09:05:55,AP|,,17.11.2022 10:42:58,,11617,0,243457,0,0,0,0,0, 
PKT 2025 - Cluster FI,,PKTFIN-9833,Task,New,20.10.2022 12:06:03,AP|PKT/GFBB|Template|,,,,283694,0,0,0,0,0,0, 
PKT 2025 - Cluster FI,,PKTFIN-9801,Task,Closed,18.10.2022 15:01:57,AP|PKT/GFBB|Template|,,26.10.2022 13:51:29,14.11.2022 08:01:06,11449,0,2722,4369,119,0,19796,247939,Done 
PKT 2025 - Cluster FI,,PKTFIN-9800,Task,New,18.10.2022 14:53:48,AP|PKT/GFBB|Template|,,,,286407,0,0,0,0,0,0, 
PKT 2025 - Cluster FI,,PKTFIN-9795,Task,Closed,18.10.2022 10:18:41,AP|PKT/GFBB|Template|,,26.10.2022 13:51:21,21.11.2022 07:40:51,11732,0,17258,1350,11405,0,7054,237879,Done 
PKT 2025 - Cluster FI,,PKTFIN-9600,Test,New,01.10.2022 13:17:06,AP|,,,,310983,0,0,0,0,0,0, 
PKT 2025 - Cluster FI,,PKTFIN-9475,Defect,Closed,15.09.2022 09:37:41,PKTFIN relevant|,,15.09.2022 14:02:54,27.09.2022 11:09:27,265,0,0,8417,11,0,8677,316871,Fixed 
PKT 2025 - Cluster FI,,PKTFIN-9474,Defect,Closed,15.09.2022 09:49:44,PKTFIN relevant|,,15.09.2022 14:02:44,27.09.2022 11:09:26,253,0,0,15819,0,0,1287,316871,Fixed 
PKT 2025 - Cluster FI,,PKTFIN-9461,Defect,Closed,13.09.2022 13:59:12,PKTFIN relevant|,,13.09.2022 14:34:11,15.09.2022 16:46:10,34,0,0,240,1480,182,951,333970,Fixed 
PKT 2025 - Cluster FI,,PKTFIN-9460,Defect,Closed,13.09.2022 15:35:55,PKTFIN relevant|,,13.09.2022 17:20:14,13.09.2022 17:20:14,104,0,0,0,0,0,0,336660,Rejected 
PKT 2025 - Cluster FI,,PKTFIN-9453,Task,Closed,15.09.2022 11:14:20,AP|PKT/GFBB|Template|,,15.09.2022 13:37:16,28.09.2022 10:42:12,142,0,10451,145,7947,0,0,315458,Done 
PKT 2025 - Cluster FI,,PKTFIN-9381,Story,Closed,13.09.2022 10:15:41,AP|PKT/GFBB|Template|,,14.09.2022 09:45:45,21.11.2022 14:40:55,1410,0,317,10150,2821,27,0,322357,Done 
PKT 2025 - Cluster FI,,PKTFIN-9323,Task,Closed,31.08.2022 11:49:04,AP|PKT/GFBB|Template|,,31.08.2022 14:49:42,26.09.2022 15:53:05,180,0,8610,28802,89,0,0,318027,Done 
PKT 2025 - Cluster FI,,PKTFIN-9137,Story,New,18.08.2022 16:31:32,AP|GFBB alignment open|Interface|PKT/GFBB|Template|,,,,374149,0,0,0,0,0,0, 
PKT 2025 - Cluster FI,,PKTFIN-9136,Story,Open,18.08.2022 16:30:23,AP|GFBB alignment open|Interface|PKT/GFBB|Template|,,28.09.2022 11:28:10,,58737,0,315412,0,0,0,0,0, 
PKT 2025 - Cluster FI,,PKTFIN-9135,Story,New,18.08.2022 16:27:47,AP|GFBB alignment open|Interface|PKT/GFBB|Template|,,,,374153,0,0,0,0,0,0, 
PKT 2025 - Cluster FI,,PKTFIN-9134,Story,New,18.08.2022 16:25:58,AP|GFBB alignment open|Interface|PKT/GFBB|Template|,,,,374154,0,0,0,0,0,0, 
PKT 2025 - Cluster FI,,PKTFIN-9127,Task,New,18.08.2022 16:18:11,AP|PKT/GFBB|Template|,,,,374162,0,0,0,0,0,0, 
PKT 2025 - Cluster FI,,PKTFIN-9126,Task,In Progress,18.08.2022 16:17:13,AP|PKT/GFBB|Template|,,15.11.2022 11:40:22,,127883,0,1894,244386,0,0,0,0, 
PKT 2025 - Cluster FI,,PKTFIN-9125,Task,Closed,18.08.2022 16:16:27,AP|PKT/GFBB|Template|,,26.10.2022 13:51:10,21.11.2022 07:40:53,99214,0,217,26910,2886,0,7054,237879,Done 
PKT 2025 - Cluster FI,,PKTFIN-9124,Task,Closed,18.08.2022 16:15:29,AP|PKT/GFBB|Template|,,05.10.2022 13:56:52,14.11.2022 07:59:40,68981,0,1506,27054,1770,0,26911,247941,Done 
PKT 2025 - Cluster FI,,PKTFIN-9123,Task,Closed,18.08.2022 16:14:46,AP|PKT/GFBB|Template|,,14.09.2022 09:46:11,04.10.2022 16:08:24,38491,0,316,28861,4,0,0,306492,Done 
PKT 2025 - Cluster FI,,PKTFIN-9122,Task,Closed,18.08.2022 16:06:24,AP|PKT/GFBB|Template|,,22.08.2022 10:38:19,12.09.2022 10:15:57,5431,0,6146,18626,5443,0,0,338524,Done 
PKT 2025 - Cluster FI,,PKTFIN-8994,Task,Closed,10.08.2022 10:23:40,AP|PKT/GFBB|Template|,,10.08.2022 10:25:43,23.08.2022 15:40:14,2,31,0,1500,9901,0,7601,367000,Done 
PKT 2025 - Cluster FI,,PKTFIN-8963,Task,Closed,09.08.2022 15:36:40,AP|PKT/GFBB|Template|,,09.08.2022 16:39:31,09.08.2022 16:39:33,62,0,0,0,0,0,0,387101,Rejected 
PKT 2025 - Cluster FI,,PKTFIN-8911,Task,Closed,04.08.2022 10:18:56,AP|PKT/GFBB|Template|,,22.08.2022 10:38:34,12.09.2022 12:19:13,25939,0,6146,8395,15797,0,0,338401,Done 
PKT 2025 - Cluster FI,,PKTFIN-8865,Task,Closed,02.08.2022 14:59:39,AP|PKT/GFBB|Template|,,04.08.2022 15:53:33,11.08.2022 09:50:34,2933,0,0,1060,8656,0,0,384630,Done 
PKT 2025 - Cluster FI,,PKTFIN-8861,Task,Closed,02.08.2022 11:39:53,AP|PKT/GFBB|Template|,,03.08.2022 09:47:06,11.08.2022 09:45:44,1327,0,574,6655,4289,0,0,384635,Done 
PKT 2025 - Cluster FI,,PKTFIN-8853,Task,Closed,01.08.2022 16:17:52,AP|PKT/GFBB|Template|,,01.08.2022 16:33:13,19.08.2022 11:07:29,15,0,3048,22533,11,0,0,373033,Done 
PKT 2025 - Cluster FI,,PKTFIN-8591,Task,Closed,12.07.2022 19:04:48,AP|PKT/GFBB|Template|,,13.07.2022 09:45:19,01.08.2022 10:23:05,880,0,1447,21931,4018,0,0,398997,Done 
PKT 2025 - Cluster FI,,PKTFIN-8579,Task,Closed,11.07.2022 15:57:14,AP|PKT/GFBB|Template|,,13.07.2022 09:46:59,26.07.2022 16:38:00,2509,0,1445,16385,1299,0,0,407262,Done 
PKT 2025 - Cluster FI,,PKTFIN-8578,Task,Closed,11.07.2022 15:56:13,AP|PKT/GFBB|Template|,,13.07.2022 09:46:50,22.07.2022 14:48:04,2510,0,1445,11803,11,0,0,413132,Done 
PKT 2025 - Cluster FI,,PKTFIN-8577,Task,Closed,11.07.2022 15:46:57,AP|PKT/GFBB|Template|,,13.07.2022 09:46:39,27.07.2022 14:55:29,2519,0,20202,0,266,0,0,405925,Done 
PKT 2025 - Cluster FI,,PKTFIN-8576,Task,Closed,11.07.2022 15:45:14,AP|PKT/GFBB|Template|,,13.07.2022 09:46:30,23.08.2022 16:56:45,2521,0,1445,7561,0,0,50463,366924,Done 
PKT 2025 - Cluster FI,,PKTFIN-8567,Task,Closed,08.07.2022 08:20:54,AP|PKT/GFBB|Template|,,03.08.2022 19:22:04,23.08.2022 15:40:14,38101,0,0,3,814,0,27760,367000,Done 
PKT 2025 - Cluster FI,,PKTFIN-8537,Test,Ready,29.06.2022 15:17:56,AP|PKT/GFBB|Template|,,29.06.2022 15:34:17,,16,0,446206,0,0,0,0,0, 
PKT 2025 - Cluster FI,,PKTFIN-8536,Task,New,29.06.2022 09:43:44,AP|PKT/GFBB|Template|,,,,446557,0,0,0,0,0,0, 
PKT 2025 - Cluster FI,,PKTFIN-8513,Task,Closed,22.06.2022 13:34:05,AP|PKT/GFBB|Template|,,22.06.2022 13:34:32,18.07.2022 14:48:55,0,0,6176,22713,241,0,8382,418891,Done 
PKT 2025 - Cluster FI,,PKTFIN-8170,Story,Closed,17.05.2022 13:37:39,AP|PKT/GFBB|Template|,,22.06.2022 13:40:19,06.07.2022 09:18:16,51842,0,6170,4139,9586,0,0,436502,Done 
PKT 2025 - Cluster FI,,PKTFIN-8114,Task,Closed,11.05.2022 10:20:18,AP|PKT/GFBB|Template|,,11.05.2022 10:22:11,31.05.2022 08:36:41,1,0,311,27366,1016,0,0,488384,Done 
PKT 2025 - Cluster FI,,PKTFIN-8083,Task,Closed,06.05.2022 17:06:08,AP|PKT/GFBB|Template|,,06.05.2022 19:23:18,01.08.2022 10:22:08,137,0,10,80667,44061,0,0,398998,Done 
PKT 2025 - Cluster FI,,PKTFIN-8006,Task,New,04.05.2022 15:05:16,AP|PKT/GFBB|Template|,,,,526875,0,0,0,0,0,0, 
PKT 2025 - Cluster FI,,PKTFIN-8005,Task,Closed,04.05.2022 15:00:47,AP|PKT/GFBB|Template|,,11.05.2022 10:04:17,22.06.2022 10:56:29,9783,0,329,2669,48,0,57485,456564,Done 
PKT 2025 - Cluster FI,,PKTFIN-7916,Story,Closed,25.04.2022 12:20:51,AP|PKT/GFBB|Template|,,25.04.2022 17:33:12,11.05.2022 10:22:14,312,0,0,5558,17050,0,0,517078,Done 
PKT 2025 - Cluster FI,,PKTFIN-7789,Task,Closed,19.04.2022 09:14:42,AP|PKT/GFBB|Template|,,19.04.2022 15:14:37,06.05.2022 14:31:34,359,0,2979,21443,13,0,0,524029,Done 
PKT 2025 - Cluster FI,,PKTFIN-7729,Task,Closed,08.04.2022 10:38:27,AP|PKT/GFBB|Template|,,09.04.2022 12:31:03,01.06.2022 13:14:15,1552,0,20,53624,22533,0,184,486666,Done 
PKT 2025 - Cluster FI,,PKTFIN-7667,Defect,Closed,25.03.2022 09:56:03,PKTFIN relevant|,,29.03.2022 14:20:42,16.08.2022 11:22:32,6024,0,10256,189588,0,0,1576,377338,Fixed 
PKT 2025 - Cluster FI,,PKTFIN-7641,Task,Closed,28.03.2022 15:15:00,AP|PKT/GFBB|Template|,,30.03.2022 10:03:51,27.04.2022 13:01:02,2568,0,1643,17282,1506,0,20064,537079,Done 
PKT 2025 - Cluster FI,,PKTFIN-7421,Task,Closed,07.03.2022 15:18:40,AP|PKT/GFBB|Template|,,07.03.2022 16:51:04,30.03.2022 09:51:53,92,0,3898,21984,4261,0,2555,577588,Done 
PKT 2025 - Cluster FI,,PKTFIN-7387,Task,Closed,03.03.2022 14:15:46,AP|PKT/GFBB|Template|,,11.03.2022 10:56:57,11.04.2022 15:53:46,11321,0,0,4571,1131,0,39233,559947,Done 
PKT 2025 - Cluster FI,,PKTFIN-7300,Task,Closed,22.02.2022 16:49:29,AP|PKT/GFBB|Template|,,11.03.2022 10:57:09,20.04.2022 13:22:39,24127,0,0,18946,28854,0,9944,547138,Done 
PKT 2025 - Cluster FI,,PKTFIN-7259,Task,Closed,15.02.2022 16:29:32,AP|PKT/GFBB|Template|,,16.02.2022 09:44:28,09.03.2022 15:32:26,1034,0,2139,6920,5,0,21522,607488,Done 
PKT 2025 - Cluster FI,,PKTFIN-7250,Task,Closed,15.02.2022 09:41:37,AP|PKT/GFBB|Template|,,16.02.2022 09:44:18,07.03.2022 13:27:40,1442,0,2140,25419,23,0,0,610493,Done 
PKT 2025 - Cluster FI,,PKTFIN-6868,Task,Closed,24.01.2022 15:02:27,AP|PKT/GFBB|Template|,,24.01.2022 15:07:20,15.02.2022 09:42:36,4,0,2910,27352,1092,0,0,639518,Done 
PKT 2025 - Cluster FI,,PKTFIN-6758,Task,Closed,14.12.2021 13:27:23,AP|PKT/GFBB|Template|,,14.12.2021 16:53:58,01.02.2022 09:59:58,206,0,4474,44188,125,21357,0,659660,Done 
PKT 2025 - Cluster FI,,PKTFIN-6757,Task,Closed,14.12.2021 13:08:51,AP|PKT/GFBB|Template|,,14.12.2021 16:54:22,02.02.2022 07:59:48,225,0,2479,56461,2545,0,9979,658341,Done 
PKT 2025 - Cluster FI,,PKTFIN-6735,Defect,Closed,03.12.2021 08:45:00,AP|,,03.12.2021 09:35:07,25.03.2022 16:06:59,50,0,67,0,0,161531,0,584485,Fixed 
PKT 2025 - Cluster FI,,PKTFIN-6710,Defect,Closed,03.12.2021 08:49:47,,,03.12.2021 14:03:21,10.12.2021 12:40:21,313,0,0,9996,0,0,0,735820,Fixed 
PKT 2025 - Cluster FI,,PKTFIN-6708,Defect,Closed,03.12.2021 08:52:25,,,03.12.2021 11:59:14,07.12.2021 15:42:14,186,0,0,2966,3016,0,0,739958,Fixed 
PKT 2025 - Cluster FI,,PKTFIN-6707,Defect,Closed,03.12.2021 08:54:28,,,03.12.2021 11:25:16,13.12.2021 15:52:06,150,0,7274,1527,4374,0,1490,731308,Fixed 
PKT 2025 - Cluster FI,,PKTFIN-6700,Defect,Closed,02.12.2021 17:19:41,,,02.12.2021 18:00:53,10.01.2022 16:04:52,41,0,0,0,37807,18236,0,690975,Fixed 
PKT 2025 - Cluster FI,,PKTFIN-6699,Defect,Closed,02.12.2021 14:10:02,,,03.12.2021 11:31:32,13.12.2021 15:23:18,1281,0,7266,1527,4345,0,1491,731337,Fixed 
PKT 2025 - Cluster FI,,PKTFIN-6657,Story,Closed,24.11.2021 09:40:16,AP|PKT/GFBB|Template|,,24.11.2021 09:55:37,14.12.2021 13:33:39,15,0,7764,9785,11467,0,0,730007,Done 
PKT 2025 - Cluster FI,,PKTFIN-6656,Task,Closed,24.11.2021 09:37:22,AP|PKT/GFBB|Template|,,24.11.2021 17:54:00,22.12.2021 12:15:11,496,0,137,28255,122,0,11465,718565,Done 
PKT 2025 - Cluster FI,,PKTFIN-6539,Task,Closed,02.11.2021 16:20:33,AP|PKT/GFBB|Template|,,02.11.2021 16:28:06,25.11.2021 07:01:41,7,0,2570,26145,2553,0,1283,757759,Done 
PKT 2025 - Cluster FI,,PKTFIN-6264,Story,Closed,11.10.2021 15:24:09,AP|PKT/GFBB|Template|,,11.10.2021 15:34:33,02.11.2021 11:24:03,10,0,21303,9200,924,0,0,790616,Done 
PKT 2025 - Cluster FI,,PKTFIN-6243,Task,Closed,07.10.2021 13:34:50,AP|PKT/GFBB|Template|,,14.10.2021 10:22:57,03.11.2021 15:40:33,9888,0,0,27427,290,0,1399,788920,Done 
PKT 2025 - Cluster FI,,PKTFIN-6150,Task,Closed,16.09.2021 17:21:33,AP|PKT/GFBB|Template|,,16.09.2021 18:27:43,11.10.2021 13:18:21,66,0,26844,4587,4258,0,0,822182,Done 
PKT 2025 - Cluster FI,,PKTFIN-6121,Defect,Closed,10.09.2021 09:30:21,AP|GFBB|Overall|,,14.09.2021 15:26:11,05.10.2021 15:15:09,6115,0,0,0,0,30228,0,830705,Fixed 
PKT 2025 - Cluster FI,,PKTFIN-6109,Defect,Closed,08.09.2021 12:04:00,AP|,,08.09.2021 12:17:23,14.01.2022 09:23:03,13,0,0,6043,2689,175411,0,685617,Fixed 
PKT 2025 - Cluster FI,,PKTFIN-6108,Defect,Closed,06.09.2021 17:36:39,AP|PKT/GFBB|Template|,,06.09.2021 17:44:25,25.03.2022 16:04:28,7,0,0,51705,75047,161146,0,584416,Fixed 
PKT 2025 - Cluster FI,,PKTFIN-6099,Defect,Closed,06.09.2021 10:21:36,AP|Overall|PKT/GFBB|Template|,,21.09.2021 15:31:40,09.12.2021 09:56:20,21910,0,0,30246,0,83178,0,737424,Fixed 
PKT 2025 - Cluster FI,,PKTFIN-6094,Defect,Closed,03.09.2021 14:50:55,AP|PKT/GFBB|Template|,,06.09.2021 15:04:04,07.09.2021 14:36:38,4333,0,0,1412,0,0,0,871064,Fixed 
PKT 2025 - Cluster FI,,PKTFIN-6093,Defect,Closed,02.09.2021 14:20:41,AP|PKT/GFBB|Template|,,02.09.2021 14:25:18,12.10.2021 14:44:45,4,0,0,245,57373,0,0,820656,Fixed 
PKT 2025 - Cluster FI,,PKTFIN-6092,Defect,Closed,02.09.2021 14:14:50,AP|PKT/GFBB|Template|,,02.09.2021 14:25:21,08.09.2021 11:34:28,10,0,0,5896,2573,0,0,869806,Fixed 
PKT 2025 - Cluster FI,,PKTFIN-6074,Task,Closed,01.09.2021 11:03:21,AP|PKT/GFBB|Template|,,01.09.2021 12:30:29,23.09.2021 15:27:36,87,0,210,21283,388,0,9974,847973,Done 
PKT 2025 - Cluster FI,,PKTFIN-6073,Task,Closed,01.09.2021 10:59:35,AP|PKT/GFBB|Template|,,01.09.2021 12:29:56,23.09.2021 15:27:36,90,0,210,21287,285,0,10073,847973,Done 
PKT 2025 - Cluster FI,,PKTFIN-6072,Task,Closed,01.09.2021 10:55:20,AP|PKT/GFBB|Template|,,01.09.2021 12:29:18,07.09.2021 10:12:31,93,0,211,7141,1150,0,0,871328,Done 
PKT 2025 - Cluster FI,,PKTFIN-6071,Story,Closed,01.09.2021 10:51:05,AP|PKT/GFBB|Template|,,01.09.2021 12:28:55,23.09.2021 15:27:36,97,0,633,21144,6854,0,3225,847973,Done 
PKT 2025 - Cluster FI,,PKTFIN-6070,Story,Closed,01.09.2021 10:40:55,AP|PKT/GFBB|Template|,,01.09.2021 12:28:58,23.09.2021 15:27:35,108,0,208,17329,1267,0,13053,847973,Done 
PKT 2025 - Cluster FI,,PKTFIN-6007,Task,Closed,11.08.2021 10:30:45,AP|PKT/GFBB|Template|,,12.08.2021 10:45:54,02.09.2021 07:32:14,1455,0,0,23542,2707,0,3795,878688,Done 
PKT 2025 - Cluster FI,,PKTFIN-6006,Story,Closed,11.08.2021 10:13:25,AP|PKT/GFBB|Template|,,11.08.2021 14:57:03,02.09.2021 07:32:13,283,0,8631,11304,276,0,11022,878688,Done 
PKT 2025 - Cluster FI,,PKTFIN-5866,Task,Closed,21.07.2021 09:55:13,AP|PKT/GFBB|Template|,,21.07.2021 10:34:14,02.09.2021 07:32:14,39,0,9276,18671,23938,0,9851,878688,Done 
PKT 2025 - Cluster FI,,PKTFIN-5570,Task,Closed,29.06.2021 12:46:25,AP|PKT/GFBB|Template|,,30.06.2021 15:31:00,22.07.2021 08:10:58,1604,0,0,21967,6464,0,2807,939129,Done 
PKT 2025 - Cluster FI,,PKTFIN-5551,Defect,Closed,23.06.2021 15:53:42,,,23.06.2021 16:54:04,10.08.2021 15:29:51,60,0,0,2697,0,66338,0,911330,Fixed 
PKT 2025 - Cluster FI,,PKTFIN-5467,Story,Closed,07.06.2021 11:46:58,AP|PKT/GFBB|Template|,,07.06.2021 13:40:48,01.07.2021 05:25:33,113,0,3256,18761,3942,0,8104,969535,Done 
PKT 2025 - Cluster FI,,PKTFIN-5111,Defect,Closed,01.04.2021 13:15:03,,,07.04.2021 12:00:18,11.04.2021 21:45:05,8565,0,0,215,0,0,6129,1085195,Fixed 
PKT 2025 - Cluster FI,,PKTFIN-5109,Defect,Closed,01.04.2021 10:54:45,AP|Overall|,,14.04.2021 16:43:03,02.09.2021 07:32:57,19068,0,0,43324,0,150778,8386,878687,Fixed 
PKT 2025 - Cluster FI,,PKTFIN-4774,Story,Closed,08.03.2021 09:59:22,AP|,,08.03.2021 15:59:29,17.03.2021 15:49:26,360,0,148,1386,8518,0,2897,1121551,Done 
PKT 2025 - Cluster FI,,PKTFIN-4672,Defect,Closed,17.02.2021 15:37:26,,,18.02.2021 10:19:10,03.08.2021 12:11:54,1121,0,112,7004,211717,0,20318,921608,Fixed 
PKT 2025 - Cluster FI,,PKTFIN-4608,Story,Closed,03.02.2021 09:29:29,Addon|AP|PKT/GFBB|Template|,,03.02.2021 23:52:43,08.02.2021 16:17:51,863,0,0,6728,0,0,16,1174802,Done 
PKT 2025 - Cluster FI,,PKTFIN-4584,Defect,Closed,02.02.2021 11:24:23,AP|,,02.02.2021 17:47:36,09.02.2021 08:55:17,383,0,0,1974,993,0,6578,1173805,Fixed 
PKT 2025 - Cluster FI,,PKTFIN-4564,Defect,Closed,01.02.2021 16:06:03,,,02.02.2021 16:23:25,09.02.2021 08:55:45,1457,0,0,0,8538,0,1092,1173805,Fixed 
PKT 2025 - Cluster FI,,PKTFIN-4488,Defect,Closed,15.01.2021 14:40:59,AP|PKT/GFBB|,,18.01.2021 14:47:42,15.03.2021 15:49:37,4326,0,0,46360,34326,0,14,1124431,Fixed 
PKT 2025 - Cluster FI,,PKTFIN-4448,Story,Pending,13.12.2020 21:48:55,AP|PKT/GFBB|Template|,,11.02.2021 09:59:26,,85690,0,0,228931,0,941929,0,0, 
PKT 2025 - Cluster FI,,PKTFIN-2373,Epic,In Progress,04.05.2020 16:54:26,AP|GFBB alignment open|Template|,,05.03.2021 13:06:13,,438971,662830,25604,450560,0,0,0,0, 
PKT 2025 - Cluster FI,,PKTFIN-2315,Story,Open,01.04.2020 17:44:33,AP|GFBB alignment open|Interface|PKT/GFBB|Template|,,22.08.2022 10:40:31,,1256695,0,344373,24366,0,0,0,0, 
PKT Central TM,,PKTC-2448,Defect,Closed,24.03.2022 13:45:03,PKTFIN relevant|,,24.03.2022 14:09:26,25.03.2022 14:34:51,24,0,0,1465,0,0,0,584505,Fixed 
PKT Central TM,,PKTC-2351,Defect,Closed,14.03.2022 12:55:19,PKTFIN relevant|,,15.03.2022 14:26:35,16.03.2022 13:07:50,1531,0,0,64,1296,0,0,597552,Fixed 
PKT Central TM,,PKTC-2246,Defect,Closed,26.11.2021 16:59:42,,,30.11.2021 09:41:18,30.11.2021 15:21:38,5321,0,0,339,0,0,0,750059,Fixed 
PKT Central TM,,PKTC-2240,Defect,Closed,26.11.2021 15:34:12,,,29.11.2021 08:59:31,02.12.2021 14:33:02,3925,0,0,3230,1422,0,0,747227,Fixed 
PKT Central TM,,PKTC-2119,Defect,Closed,08.09.2021 09:51:56,,,08.09.2021 15:41:09,10.09.2021 12:28:16,349,0,1079,1374,232,0,0,866872,Fixed 
Group Finance Backbone,,GFBB-21206,Story,New,01.12.2022 09:01:27,,,,,223399,0,0,0,0,0,0, 
Group Finance Backbone,,GFBB-21194,Story,Open,29.11.2022 10:24:47,,,29.11.2022 10:28:00,,3,0,226192,0,0,0,0,0, 
Group Finance Backbone,,GFBB-21169,Story,New,24.11.2022 11:47:45,,,,,233313,0,0,0,0,0,0, 
Group Finance Backbone,,GFBB-21162,Story,Resolved,24.11.2022 10:59:52,,,24.11.2022 11:00:04,24.11.2022 11:02:05,0,0,0,2,0,0,233358,0,Done 
Group Finance Backbone,,GFBB-21158,Story,New,23.11.2022 15:35:18,,,,,234525,0,0,0,0,0,0, 
Group Finance Backbone,,GFBB-21152,Sub-task,Open,22.11.2022 20:01:30,,,,,235699,0,0,0,0,0,0, 
Group Finance Backbone,,GFBB-21134,Story,New,21.11.2022 16:20:28,,,,,237360,0,0,0,0,0,0, 
Group Finance Backbone,,GFBB-21103,Story,New,17.11.2022 16:01:56,,,,,243138,0,0,0,0,0,0, 
Group Finance Backbone,,GFBB-21078,Story,In Progress,11.11.2022 10:58:36,,,11.11.2022 11:01:59,,3,0,55,252023,0,0,0,0, 
Group Finance Backbone,,GFBB-21014,Story,Closed,03.11.2022 11:09:36,,,08.11.2022 13:53:04,08.11.2022 13:53:14,7363,0,0,0,0,0,0,256227,Done 
Group Finance Backbone,,GFBB-20996,Sub-task,Open,28.10.2022 16:56:28,,,,,271884,0,0,0,0,0,0, 
Group Finance Backbone,,GFBB-20970,Story,Resolved,26.10.2022 13:47:46,,,29.11.2022 15:10:27,29.11.2022 15:10:40,49042,0,0,0,0,0,225910,0,Done 
Group Finance Backbone,,GFBB-20958,Story,New,25.10.2022 13:57:46,,,,,276383,0,0,0,0,0,0, 
Group Finance Backbone,,GFBB-20928,Story,Pending,20.10.2022 13:11:41,,,20.10.2022 13:44:29,,32,0,0,27668,0,255927,0,0, 
Group Finance Backbone,,GFBB-20894,Story,Resolved,18.10.2022 16:30:28,,,18.10.2022 16:30:48,08.11.2022 18:56:32,0,0,1428,28957,0,0,255924,0,Done 
Group Finance Backbone,,GFBB-20876,Story,New,17.10.2022 08:47:19,,,,,288213,0,0,0,0,0,0, 
Group Finance Backbone,,GFBB-20869,Story,New,14.10.2022 12:34:07,,,,,292306,0,0,0,0,0,0, 
Group Finance Backbone,,GFBB-20832,Story,Open,10.10.2022 11:19:11,,,18.10.2022 14:43:58,,11724,0,286416,0,0,0,0,0, 
Group Finance Backbone,,GFBB-20791,Story,Open,05.10.2022 13:25:49,,,05.10.2022 13:32:29,28.10.2022 17:26:26,6,0,284845,0,0,0,20361,0, 
Group Finance Backbone,,GFBB-20782,Story,Resolved,04.10.2022 18:15:43,,,04.10.2022 18:19:41,14.10.2022 15:25:19,3,0,14101,123,0,0,292135,0,Done 
Group Finance Backbone,,GFBB-20746,Story,Pending,30.09.2022 14:42:26,,,30.09.2022 14:42:32,,0,0,40590,0,0,271748,0,0, 
Group Finance Backbone,,GFBB-20742,Story,In Progress,30.09.2022 11:07:21,,,30.09.2022 11:07:48,,0,0,76537,236015,0,0,0,0, 
Group Finance Backbone,,GFBB-20741,Story,In Progress,30.09.2022 10:55:00,,,30.09.2022 10:55:24,,0,0,86807,225757,0,0,0,0, 
Group Finance Backbone,,GFBB-20736,Story,In Progress,29.09.2022 18:34:37,,,20.10.2022 15:38:09,,30063,0,0,283482,0,0,0,0, 
Group Finance Backbone,,GFBB-20735,Story,In Specification,29.09.2022 17:32:57,,,30.09.2022 10:54:25,,1041,303939,8626,0,0,0,0,0, 
Group Finance Backbone,,GFBB-20722,Story,In Progress,29.09.2022 09:26:24,,,20.10.2022 21:11:01,,30944,0,0,283149,0,0,0,0, 
Group Finance Backbone,,GFBB-20693,Story,Resolved,27.09.2022 18:13:50,,,27.09.2022 18:19:07,17.10.2022 14:45:59,5,0,19749,8837,0,0,287854,0,Done 
Group Finance Backbone,,GFBB-20440,Story,In Progress,16.09.2022 18:41:18,,,16.11.2022 14:19:52,,87578,0,0,244680,0,0,0,0, 
Group Finance Backbone,,GFBB-20415,Story,Resolved,13.09.2022 14:57:52,,,13.09.2022 14:59:14,17.10.2022 09:48:04,1,0,0,48648,0,0,288152,0,Done 
Group Finance Backbone,,GFBB-20403,Story,Resolved,08.09.2022 17:22:44,,,08.09.2022 17:40:38,21.10.2022 15:40:43,17,0,0,61800,0,0,282040,0,Done 
Group Finance Backbone,,GFBB-20395,Story,Closed,08.09.2022 13:55:22,,,15.09.2022 16:44:38,20.09.2022 16:08:40,10249,0,0,4555,0,0,2608,326652,Done 
Group Finance Backbone,,GFBB-20385,Story,Resolved,07.09.2022 14:59:27,,,07.09.2022 15:23:59,03.11.2022 09:37:17,24,0,81733,0,0,0,263683,0,Done 
Group Finance Backbone,,GFBB-20342,Story,Resolved,01.09.2022 13:00:04,,,01.09.2022 13:02:14,21.10.2022 11:00:56,2,0,3,71875,0,0,282319,0,Done 
Group Finance Backbone,,GFBB-20320,Story,Resolved,26.08.2022 16:02:22,,,26.08.2022 16:02:35,20.10.2022 18:53:39,0,0,25735,53635,0,0,283287,0,Done 
Group Finance Backbone,,GFBB-20318,Story,Open,25.08.2022 10:52:53,,,25.08.2022 10:54:12,,1,0,364406,0,0,0,0,0, 
Group Finance Backbone,,GFBB-20247,Story,Resolved,18.08.2022 14:20:17,,,24.08.2022 10:09:29,21.09.2022 14:07:42,8389,0,10,40547,0,0,325333,0,Done 
Group Finance Backbone,,GFBB-20110,Story,In Progress,03.08.2022 09:52:40,,,31.08.2022 12:05:29,,40452,0,63192,292502,0,0,0,0, 
Group Finance Backbone,,GFBB-20108,Story,Pending,03.08.2022 07:42:30,,,03.08.2022 07:44:27,,1,0,109581,0,0,286695,0,0, 
Group Finance Backbone,,GFBB-20105,Story,In Progress,03.08.2022 07:30:24,,,03.08.2022 07:32:06,,1,0,42325,353963,0,0,0,0, 
Group Finance Backbone,,GFBB-20104,Story,Open,03.08.2022 07:24:45,,,03.08.2022 07:25:46,,1,0,396295,0,0,0,0,0, 
Group Finance Backbone,,GFBB-20088,Story,Pending,02.08.2022 10:58:25,,,02.08.2022 10:58:50,,0,0,0,47917,0,349603,0,0, 
Group Finance Backbone,,GFBB-19927,Story,Closed,15.07.2022 15:44:51,,,21.07.2022 14:37:27,23.08.2022 17:07:38,8572,0,8523,18978,0,0,20167,366913,Done 
Group Finance Backbone,,GFBB-19925,Story,Resolved,15.07.2022 14:14:40,,,11.08.2022 11:05:18,01.09.2022 11:18:58,38690,0,0,30253,0,0,354301,0,Done 
Group Finance Backbone,,GFBB-19843,Story,In Review,07.07.2022 10:39:30,,,13.10.2022 10:49:14,,141129,0,1348,4333,288169,0,0,0, 
Group Finance Backbone,,GFBB-19722,Story,In Progress,30.06.2022 10:49:16,,,08.07.2022 15:50:58,,11821,0,100938,332291,0,0,0,0, 
Group Finance Backbone,,GFBB-19721,Story,Resolved,30.06.2022 10:46:36,,,04.07.2022 20:48:58,30.11.2022 08:25:51,6362,0,176624,37192,0,0,224874,0,Done 
Group Finance Backbone,,GFBB-19717,Story,New,29.06.2022 16:24:09,,,,,446156,0,0,0,0,0,0, 
Group Finance Backbone,,GFBB-19693,Story,Resolved,29.06.2022 09:41:23,,,29.06.2022 09:43:04,29.06.2022 09:43:04,1,0,0,0,0,0,446557,0,Won't Do 
Group Finance Backbone,,GFBB-19663,Story,New,28.06.2022 13:52:27,,,,,447748,0,0,0,0,0,0, 
Group Finance Backbone,,GFBB-19646,Story,In Progress,27.06.2022 08:45:04,,,04.07.2022 20:48:53,,10803,0,205313,233378,0,0,0,0, 
Group Finance Backbone,,GFBB-19632,Story,Resolved,23.06.2022 12:29:18,,,04.07.2022 20:48:51,29.09.2022 18:39:54,16339,0,3729,121421,0,0,313540,0,Won't Do 
Group Finance Backbone,,GFBB-19599,Story,Closed,21.06.2022 10:21:35,,,21.06.2022 10:21:46,24.08.2022 10:29:37,0,0,0,92167,0,0,0,365871,Done 
Group Finance Backbone,,GFBB-19598,Story,Resolved,20.06.2022 15:12:41,,,13.10.2022 14:15:22,13.10.2022 14:15:22,165542,0,0,0,0,0,293645,0,Done 
Group Finance Backbone,,GFBB-19498,Story,Closed,02.06.2022 16:17:05,,,03.06.2022 17:23:47,26.09.2022 09:05:39,1506,0,97611,63577,0,0,3912,318435,Done 
Group Finance Backbone,,GFBB-19374,Story,Resolved,18.05.2022 16:11:05,,,13.10.2022 12:25:04,13.10.2022 12:25:04,212893,0,0,0,0,0,293755,0,Done 
Group Finance Backbone,,GFBB-19173,Story,In Progress,05.05.2022 13:11:57,,,27.07.2022 17:51:08,,119799,0,0,405749,0,0,0,0, 
Group Finance Backbone,,GFBB-19162,Story,Closed,04.05.2022 14:25:31,,,13.10.2022 12:47:10,23.11.2022 11:04:25,233181,0,0,0,0,0,58937,234796,Done 
Group Finance Backbone,,GFBB-19154,Story,Closed,04.05.2022 14:16:25,,,13.10.2022 12:52:25,23.11.2022 11:08:10,233196,0,0,0,0,0,58935,234792,Done 
Group Finance Backbone,,GFBB-19153,Story,Closed,04.05.2022 14:15:47,,,17.10.2022 17:14:10,23.11.2022 11:09:16,239218,0,0,0,0,0,52915,234791,Done 
Group Finance Backbone,,GFBB-19152,Story,New,04.05.2022 14:15:09,,,,,526925,0,0,0,0,0,0, 
Group Finance Backbone,,GFBB-19150,Story,New,04.05.2022 14:10:34,,,,,526930,0,0,0,0,0,0, 
Group Finance Backbone,,GFBB-19149,Story,New,04.05.2022 14:06:08,,,,,526934,0,0,0,0,0,0, 
Group Finance Backbone,,GFBB-19103,Story,New,29.04.2022 13:42:20,,,,,534158,0,0,0,0,0,0, 
Group Finance Backbone,,GFBB-19083,Story,Closed,27.04.2022 12:45:44,,,28.04.2022 14:24:21,28.07.2022 17:12:03,1538,0,10083,120982,0,0,141,404348,Done 
Group Finance Backbone,,GFBB-18785,Story,In Progress,31.03.2022 10:23:17,,,13.06.2022 14:21:34,,106798,0,171443,297875,0,0,0,0, 
Group Finance Backbone,,GFBB-18784,Story,Pending,31.03.2022 09:55:07,,,13.06.2022 14:21:36,,106826,0,14163,0,0,455155,0,0, 
Group Finance Backbone,,GFBB-18783,Story,Pending,31.03.2022 09:52:43,,,28.04.2022 14:24:08,,40591,0,1772,0,0,533784,0,0, 
Group Finance Backbone,,GFBB-18771,Story,In Progress,30.03.2022 13:45:35,,,04.04.2022 22:11:11,,7705,0,124528,445120,0,0,0,0, 
Group Finance Backbone,,GFBB-18757,Story,Closed,29.03.2022 10:50:15,,,04.04.2022 22:11:09,19.07.2022 13:13:48,9320,0,65638,36354,0,0,50109,417547,Done 
Group Finance Backbone,,GFBB-18611,Story,Closed,16.03.2022 11:19:57,,,16.03.2022 16:48:29,24.08.2022 10:30:51,450,0,153967,77372,0,0,0,365869,Won't Do 
Group Finance Backbone,,GFBB-18610,Story,Closed,16.03.2022 11:17:38,,,16.03.2022 17:21:22,24.08.2022 10:30:47,485,0,153966,77339,0,0,0,365870,Won't Do 
Group Finance Backbone,,GFBB-18609,Story,Closed,16.03.2022 11:14:31,,,16.03.2022 17:20:52,24.08.2022 10:30:13,488,0,153966,77340,0,0,0,365870,Won't Do 
Group Finance Backbone,,GFBB-18589,Story,In Progress,15.03.2022 12:25:07,,,15.03.2022 12:29:30,,4,0,0,599031,0,0,0,0, 
Group Finance Backbone,,GFBB-18553,Story,Closed,11.03.2022 10:29:01,,,11.03.2022 14:12:57,31.03.2022 09:43:59,223,0,2,19925,0,0,8603,576156,Done 
Group Finance Backbone,,GFBB-18519,Story,Closed,08.03.2022 17:55:37,,,10.03.2022 14:11:22,22.11.2022 13:23:04,2655,0,6999,14595,231323,64993,52117,236097,Done 
Group Finance Backbone,,GFBB-18395,Task,Resolved,01.03.2022 15:19:52,,,01.03.2022 15:22:40,30.06.2022 14:15:03,2,0,0,174172,0,0,444845,0,Done 
Group Finance Backbone,,GFBB-18302,Story,Closed,27.02.2022 17:38:41,,,28.02.2022 15:22:38,20.09.2022 13:13:13,1303,0,241649,0,0,0,51980,326827,Done 
Group Finance Backbone,,GFBB-18271,Story,In Progress,24.02.2022 13:31:09,,,17.08.2022 10:51:49,,250400,52102,0,323826,0,0,0,0, 
Group Finance Backbone,,GFBB-18270,Story,In Progress,24.02.2022 13:26:05,,,19.07.2022 13:01:46,,208775,0,0,417559,0,0,0,0, 
Group Finance Backbone,,GFBB-18010,Story,Open,03.02.2022 08:49:21,,,03.02.2022 08:56:42,,7,0,656844,0,0,0,0,0, 
Group Finance Backbone,,GFBB-18009,Defect,In Progress,03.02.2022 08:36:32,,,03.02.2022 08:51:44,,15,0,0,656849,0,0,0,0, 
Group Finance Backbone,,GFBB-17890,Story,In Progress,27.01.2022 12:02:32,,,27.01.2022 12:09:15,,6,0,0,666731,0,0,0,0, 
Group Finance Backbone,,GFBB-17646,Defect,Pending,21.12.2021 17:48:36,,,28.12.2021 18:16:58,,10108,0,0,24035,0,685528,0,0, 
Group Finance Backbone,,GFBB-17645,Defect,Resolved,21.12.2021 16:43:26,,,10.01.2022 16:28:28,12.08.2022 15:42:51,28785,0,0,45360,174473,88278,382837,0,Fixed 
Group Finance Backbone,,GFBB-17525,Story,Resolved,16.12.2021 23:26:53,,,17.03.2022 14:23:48,26.09.2022 16:24:10,130496,0,278040,0,0,0,317996,0,Won't Do 
Group Finance Backbone,,GFBB-17522,Story,In Progress,16.12.2021 23:10:45,,,07.02.2022 18:11:45,,76021,0,225918,424610,0,0,0,0, 
Group Finance Backbone,,GFBB-17517,Story,In Progress,16.12.2021 20:01:41,,,07.02.2022 18:11:43,,76210,0,352652,297876,0,0,0,0, 
Group Finance Backbone,,GFBB-17516,Story,In Progress,16.12.2021 19:56:30,,,07.02.2022 18:11:41,,76215,0,306519,256062,0,87946,0,0, 
Group Finance Backbone,,GFBB-17457,Story,In Progress,15.12.2021 18:30:49,,,08.04.2022 16:56:10,,164065,0,307807,256397,0,0,0,0, 
Group Finance Backbone,,GFBB-17456,Story,In Progress,15.12.2021 18:28:48,,,08.04.2022 16:57:42,,164068,0,338450,225753,0,0,0,0, 
Group Finance Backbone,,GFBB-17455,Story,Open,15.12.2021 18:24:57,,,08.04.2022 16:56:43,,164071,0,564204,0,0,0,0,0, 
Group Finance Backbone,,GFBB-17452,Story,Resolved,15.12.2021 17:56:31,,,08.03.2022 13:00:51,28.06.2022 13:41:52,119224,0,161321,0,0,0,447758,0,Won't Do 
Group Finance Backbone,,GFBB-17451,Story,Pending,15.12.2021 17:51:25,,,11.01.2022 12:33:46,,38562,0,51651,0,0,638095,0,0, 
Group Finance Backbone,,GFBB-17240,Story,Pending,03.12.2021 11:17:54,,,07.02.2022 18:11:04,,95453,0,202936,0,0,447592,0,0, 
Group Finance Backbone,,GFBB-17238,Story,In Progress,03.12.2021 11:09:48,,,20.01.2022 09:57:58,,69048,0,0,676942,0,0,0,0, 
Group Finance Backbone,,GFBB-17234,Story,Closed,03.12.2021 10:38:06,,,03.12.2021 11:42:34,15.12.2021 07:10:52,64,0,0,10085,0,0,6922,728949,Done 
Group Finance Backbone,,GFBB-16956,Story,In Progress,18.11.2021 14:04:18,,,23.11.2021 10:50:35,,7006,0,244814,515595,0,0,0,0, 
Group Finance Backbone,,GFBB-16456,Story,Closed,22.10.2021 16:38:16,,,26.10.2021 10:07:11,27.10.2022 16:55:59,5368,0,0,495307,0,21721,10418,273324,Done 
Group Finance Backbone,,GFBB-16447,Story,Resolved,22.10.2021 12:49:25,,,31.08.2022 16:02:20,31.08.2022 16:02:20,450912,0,0,0,0,0,355458,0,Done 
Group Finance Backbone,,GFBB-16446,Story,Closed,22.10.2021 12:44:58,,,31.08.2022 16:04:51,31.08.2022 16:04:54,450919,0,0,0,0,0,0,355455,Done 
Group Finance Backbone,,GFBB-16318,Defect,Resolved,15.10.2021 14:21:32,,,10.01.2022 09:12:44,07.07.2022 13:44:48,130796,0,0,151724,270,95573,434796,3194,Fixed 
Group Finance Backbone,,GFBB-16179,Story,Closed,12.10.2021 10:30:08,,,02.11.2021 16:23:24,29.11.2021 16:03:21,30593,0,109,12777,0,0,25973,751457,Done 
Group Finance Backbone,,GFBB-15932,Story,New,28.09.2021 10:02:33,,,28.09.2021 10:03:47,04.04.2022 14:35:36,233381,0,497890,109309,0,0,515,0, 
Group Finance Backbone,,GFBB-15421,Story,Closed,16.09.2021 17:17:47,,,16.09.2021 17:17:53,07.07.2022 10:09:39,0,0,141260,270689,0,10052,927,435011,Done 
Group Finance Backbone,,GFBB-15356,Story,Closed,16.09.2021 11:27:05,,,20.10.2021 10:02:52,02.11.2021 08:21:23,48875,0,0,13002,0,0,5616,790799,Done 
Group Finance Backbone,,GFBB-15352,Story,Closed,16.09.2021 11:17:10,,,17.09.2021 14:02:40,29.11.2021 16:02:38,1605,0,0,66480,0,0,38759,751458,Done 
Group Finance Backbone,,GFBB-15324,Story,Closed,15.09.2021 11:19:51,,,28.02.2022 15:26:15,28.02.2022 15:53:13,239286,0,0,0,0,0,26,620427,Won't Do 
Group Finance Backbone,,GFBB-15323,Story,Open,15.09.2021 11:13:08,,,23.11.2021 10:50:27,,118210,0,741536,0,0,0,0,0, 
Group Finance Backbone,,GFBB-15319,Story,Closed,15.09.2021 09:34:02,,,15.09.2021 11:04:18,29.11.2021 16:02:40,90,0,21607,60715,0,0,25974,751458,Done 
Group Finance Backbone,,GFBB-15034,Story,Closed,06.09.2021 13:08:06,,,06.09.2021 13:12:58,21.10.2021 07:27:34,4,0,44,4155,0,0,60254,808133,Done 
Group Finance Backbone,,GFBB-14747,Story,Closed,23.08.2021 16:14:48,,,24.08.2021 10:21:01,06.09.2021 14:21:57,1086,0,3106,15830,0,0,23,872518,Done 
Group Finance Backbone,,GFBB-14746,Story,Closed,23.08.2021 16:05:31,,,24.08.2021 10:19:33,21.10.2021 07:27:32,1094,0,12962,276,0,0,70108,808133,Done 
Group Finance Backbone,,GFBB-14581,Defect,Resolved,13.08.2021 15:03:12,,,26.10.2021 17:54:10,19.07.2022 08:54:38,106730,0,0,151110,159733,71654,417806,0,Fixed 
Group Finance Backbone,,GFBB-14284,Story,Resolved,04.08.2021 10:07:21,,,22.11.2021 13:49:01,19.07.2022 13:00:43,158621,0,0,344111,0,0,417560,0,Done 
Group Finance Backbone,,GFBB-14188,Story,In Progress,30.07.2021 15:23:28,,,12.10.2021 14:20:01,,106496,0,12981,807699,0,0,0,0, 
Group Finance Backbone,,GFBB-13751,Story,Closed,14.07.2021 12:50:14,,,15.07.2021 12:34:13,28.02.2022 13:17:31,1423,0,76344,236376,0,0,15642,620583,Done 
Group Finance Backbone,,GFBB-13533,Story,New,06.07.2021 15:37:12,,,,,961723,0,0,0,0,0,0, 
Group Finance Backbone,,GFBB-13263,Story,Closed,30.06.2021 15:36:41,,,30.06.2021 16:28:23,02.09.2021 14:08:07,51,0,32934,59042,0,0,43,878292,Done 
Group Finance Backbone,,GFBB-13012,Story,Pending,11.06.2021 15:22:43,,,18.06.2021 10:43:54,,9801,0,0,735783,0,252153,0,0, 
Group Finance Backbone,,GFBB-12995,Story,In Progress,11.06.2021 15:14:14,,,18.06.2021 11:02:01,,9827,0,0,987918,0,0,0,0, 
Group Finance Backbone,,GFBB-12994,Story,New,11.06.2021 15:13:33,,,,,997747,0,0,0,0,0,0, 
Group Finance Backbone,,GFBB-12993,Story,New,11.06.2021 15:12:53,,,,,997747,0,0,0,0,0,0, 
Group Finance Backbone,,GFBB-12981,Story,New,11.06.2021 14:42:30,,,15.03.2022 11:51:33,,774799,0,0,222979,0,0,0,0, 
Group Finance Backbone,,GFBB-12929,Story,New,10.06.2021 17:19:05,,,10.06.2021 17:19:12,,920295,0,78766,0,0,0,0,0, 
Group Finance Backbone,,GFBB-12928,Story,New,10.06.2021 17:18:33,,,,,999062,0,0,0,0,0,0, 
Group Finance Backbone,,GFBB-12917,Story,New,10.06.2021 17:09:21,,,,,999071,0,0,0,0,0,0, 
Group Finance Backbone,,GFBB-12908,Story,In Progress,10.06.2021 17:00:34,,,06.04.2022 09:34:47,,431554,0,0,567526,0,0,0,0, 
Group Finance Backbone,,GFBB-12650,Story,Closed,11.05.2021 12:42:36,,,17.06.2021 07:55:12,17.06.2021 07:55:16,52992,0,0,0,0,0,0,989545,Won't Do 
Group Finance Backbone,,GFBB-12649,Story,Closed,11.05.2021 12:39:28,,,15.07.2021 12:25:23,16.09.2021 17:16:43,93585,0,90985,2,0,0,23,857944,Done 
Group Finance Backbone,,GFBB-12639,Story,Closed,11.05.2021 07:09:02,,,14.05.2021 14:32:18,29.09.2022 12:14:45,4763,0,724182,0,0,0,0,313926,Done 
Group Finance Backbone,,GFBB-12628,Story,Open,10.05.2021 12:33:51,,,17.09.2021 12:41:48,,187207,0,856779,0,0,0,0,0, 
Group Finance Backbone,,GFBB-12614,Story,Closed,07.05.2021 12:51:23,,,14.05.2021 14:32:10,27.10.2022 16:48:54,10180,0,613203,137027,0,0,14545,273331,Done 
Group Finance Backbone,,GFBB-12589,Defect,Pending,06.05.2021 16:57:01,,,07.12.2021 15:06:02,,309489,0,0,20296,0,719698,0,0, 
Group Finance Backbone,,GFBB-12178,Story,Closed,26.04.2021 12:59:11,,,26.04.2021 13:22:26,29.06.2021 13:27:43,23,0,4219,83577,0,4134,233,971933,Done 
Group Finance Backbone,,GFBB-12177,Story,In Progress,26.04.2021 12:23:03,,,18.05.2021 08:39:23,,31456,0,715788,289186,0,27725,0,0, 
Group Finance Backbone,,GFBB-12134,Story,New,23.04.2021 15:30:43,,,30.04.2021 17:43:00,,1063003,0,5286,0,0,0,0,0, 
Group Finance Backbone,,GFBB-12124,Story,New,23.04.2021 08:44:00,,,05.07.2021 09:46:23,,338562,0,730134,0,0,0,0,0, 
Group Finance Backbone,,GFBB-12122,Story,Resolved,23.04.2021 08:42:07,,,08.06.2021 09:08:54,24.11.2022 10:40:06,66266,0,769051,0,0,0,233380,0,Won't Do 
Group Finance Backbone,,GFBB-12121,Story,New,23.04.2021 08:41:02,,,08.06.2021 09:09:42,,299649,0,769049,0,0,0,0,0, 
Group Finance Backbone,,GFBB-12119,Story,Resolved,23.04.2021 08:39:34,,,08.06.2021 09:09:41,24.11.2022 10:39:01,66270,0,769049,0,0,0,233381,0,Won't Do 
Group Finance Backbone,,GFBB-12118,Story,New,23.04.2021 08:28:54,,,08.06.2021 09:09:04,,299663,0,769048,0,0,0,0,0, 
Group Finance Backbone,,GFBB-12116,Story,Resolved,23.04.2021 08:26:05,,,08.06.2021 09:09:05,24.11.2022 10:37:16,66284,0,769047,0,0,0,233383,0,Won't Do 
Group Finance Backbone,,GFBB-12115,Story,New,23.04.2021 08:24:17,,,30.04.2021 07:36:19,,243418,0,825298,0,0,0,0,0, 
Group Finance Backbone,,GFBB-12113,Story,Resolved,23.04.2021 08:22:40,,,30.04.2021 07:36:15,24.11.2022 10:32:15,10033,0,4519,142351,0,678424,233388,0,Won't Do 
Group Finance Backbone,,GFBB-12051,Story,New,22.04.2021 10:16:16,,,30.04.2021 07:36:13,,244746,0,825297,0,0,0,0,0, 
Group Finance Backbone,,GFBB-12049,Story,Closed,22.04.2021 10:14:16,,,30.04.2021 07:36:09,24.11.2022 10:29:46,11361,0,4519,142353,0,678419,0,233391,Won't Do 
Group Finance Backbone,,GFBB-12015,Story,Closed,21.04.2021 14:03:44,,,13.10.2022 09:57:07,27.10.2022 16:48:18,777353,0,0,0,0,0,20571,273332,Done 
Group Finance Backbone,,GFBB-11871,Story,Closed,01.04.2021 12:59:07,,,21.04.2021 15:22:00,21.04.2021 15:22:23,28942,0,0,0,0,0,0,1071178,Done 
Group Finance Backbone,,GFBB-11757,Story,Pending,23.03.2021 10:59:14,,,23.03.2021 11:40:23,,41,0,0,293306,0,819851,0,0, 
Group Finance Backbone,,GFBB-11717,Defect,Pending,22.03.2021 16:39:23,,,18.05.2021 15:07:41,,81988,0,0,312567,0,719745,0,0, 
Group Finance Backbone,,GFBB-11703,Defect,Pending,22.03.2021 11:28:28,,,08.04.2021 18:49:37,,24921,0,0,437553,34204,617932,0,0, 
Group Finance Backbone,,GFBB-11652,Defect,Pending,18.03.2021 14:58:58,,,12.04.2021 17:04:34,,36125,0,0,398562,0,685473,0,0, 
Group Finance Backbone,,GFBB-11651,Defect,Pending,18.03.2021 14:57:00,,,12.04.2021 17:03:49,,36126,0,0,443304,0,640732,0,0, 
Group Finance Backbone,,GFBB-11649,Story,Open,18.03.2021 14:34:48,,,18.03.2021 14:35:11,,0,0,1120185,0,0,0,0,0, 
Group Finance Backbone,,GFBB-11139,Story,New,18.02.2021 08:08:42,,,,,1160892,0,0,0,0,0,0, 
Group Finance Backbone,,GFBB-11138,Story,New,18.02.2021 08:08:19,,,,,1160892,0,0,0,0,0,0, 
Group Finance Backbone,,GFBB-11137,Story,New,18.02.2021 08:07:59,,,,,1160892,0,0,0,0,0,0, 
Group Finance Backbone,,GFBB-11136,Story,Resolved,18.02.2021 08:07:35,,,13.10.2022 17:33:20,13.10.2022 17:33:20,867445,0,0,0,0,0,293447,0,Won't Do 
Group Finance Backbone,,GFBB-11135,Story,New,18.02.2021 08:07:05,,,,,1160893,0,0,0,0,0,0, 
Group Finance Backbone,,GFBB-11134,Story,New,18.02.2021 08:06:33,,,,,1160894,0,0,0,0,0,0, 
Group Finance Backbone,,GFBB-11133,Story,New,18.02.2021 08:06:08,,,,,1160894,0,0,0,0,0,0, 
Group Finance Backbone,,GFBB-11132,Story,New,18.02.2021 08:05:50,,,,,1160894,0,0,0,0,0,0, 
Group Finance Backbone,,GFBB-11131,Story,New,18.02.2021 08:05:23,,,,,1160895,0,0,0,0,0,0, 
Group Finance Backbone,,GFBB-11129,Story,New,18.02.2021 08:03:34,,,,,1160897,0,0,0,0,0,0, 
Group Finance Backbone,,GFBB-11128,Story,New,18.02.2021 08:03:13,,,,,1160897,0,0,0,0,0,0, 
Group Finance Backbone,,GFBB-11121,Story,New,18.02.2021 08:00:15,,,,,1160900,0,0,0,0,0,0, 
Group Finance Backbone,,GFBB-11119,Story,New,18.02.2021 07:59:16,,,,,1160901,0,0,0,0,0,0, 
Group Finance Backbone,,GFBB-11117,Story,New,18.02.2021 07:57:51,,,,,1160902,0,0,0,0,0,0, 
Group Finance Backbone,,GFBB-11116,Story,New,18.02.2021 07:57:24,,,,,1160903,0,0,0,0,0,0, 
Group Finance Backbone,,GFBB-11115,Story,New,18.02.2021 07:57:00,,,,,1160903,0,0,0,0,0,0, 
Group Finance Backbone,,GFBB-11114,Story,New,18.02.2021 07:53:32,,,,,1160907,0,0,0,0,0,0, 
Group Finance Backbone,,GFBB-11113,Story,New,18.02.2021 07:52:38,,,,,1160908,0,0,0,0,0,0, 
Group Finance Backbone,,GFBB-11112,Story,New,18.02.2021 07:52:06,,,,,1160908,0,0,0,0,0,0, 
Group Finance Backbone,,GFBB-11111,Story,New,18.02.2021 07:51:15,,,,,1160909,0,0,0,0,0,0, 
Group Finance Backbone,,GFBB-11110,Story,New,18.02.2021 07:50:33,,,,,1160910,0,0,0,0,0,0, 
Group Finance Backbone,,GFBB-11108,Story,New,18.02.2021 07:49:37,,,,,1160911,0,0,0,0,0,0, 
Group Finance Backbone,,GFBB-11045,Story,New,17.02.2021 15:18:43,,,,,1161902,0,0,0,0,0,0, 
Group Finance Backbone,,GFBB-11044,Story,New,17.02.2021 15:17:58,,,,,1161902,0,0,0,0,0,0, 
Group Finance Backbone,,GFBB-11043,Story,New,17.02.2021 15:17:29,,,,,1161903,0,0,0,0,0,0, 
Group Finance Backbone,,GFBB-11042,Story,New,17.02.2021 15:16:51,,,,,1161903,0,0,0,0,0,0, 
Group Finance Backbone,,GFBB-11041,Story,New,17.02.2021 15:16:19,,,,,1161904,0,0,0,0,0,0, 
Group Finance Backbone,,GFBB-11040,Story,Open,17.02.2021 15:15:34,,,11.10.2022 17:05:48,,865550,0,296355,0,0,0,0,0, 
Group Finance Backbone,,GFBB-11039,Story,New,17.02.2021 15:15:09,,,,,1161905,0,0,0,0,0,0, 
Group Finance Backbone,,GFBB-11038,Story,New,17.02.2021 15:14:40,,,,,1161906,0,0,0,0,0,0, 
Group Finance Backbone,,GFBB-11037,Story,New,17.02.2021 15:14:08,,,,,1161906,0,0,0,0,0,0, 
Group Finance Backbone,,GFBB-11030,Story,New,17.02.2021 12:57:55,,,,,1162042,0,0,0,0,0,0, 
Group Finance Backbone,,GFBB-11023,Story,New,17.02.2021 12:55:20,,,,,1162045,0,0,0,0,0,0, 
Group Finance Backbone,,GFBB-11021,Story,New,17.02.2021 12:54:09,,,,,1162046,0,0,0,0,0,0, 
Group Finance Backbone,,GFBB-11019,Story,New,17.02.2021 12:53:13,,,,,1162047,0,0,0,0,0,0, 
Group Finance Backbone,,GFBB-11018,Story,New,17.02.2021 12:51:45,,,,,1162049,0,0,0,0,0,0, 
Group Finance Backbone,,GFBB-11017,Story,New,17.02.2021 12:51:20,,,,,1162049,0,0,0,0,0,0, 
Group Finance Backbone,,GFBB-11016,Story,Resolved,17.02.2021 12:48:17,,,13.10.2022 12:32:03,13.10.2022 12:32:03,868303,0,0,0,0,0,293748,0,Won't Do 
Group Finance Backbone,,GFBB-11015,Story,New,17.02.2021 12:47:55,,,,,1162052,0,0,0,0,0,0, 
Group Finance Backbone,,GFBB-11013,Story,Resolved,17.02.2021 12:47:11,,,13.10.2022 12:30:48,13.10.2022 12:30:48,868303,0,0,0,0,0,293750,0,Won't Do 
Group Finance Backbone,,GFBB-11012,Story,New,17.02.2021 12:46:54,,,,,1162053,0,0,0,0,0,0, 
Group Finance Backbone,,GFBB-11010,Story,Resolved,17.02.2021 12:46:01,,,13.10.2022 12:59:30,13.10.2022 12:59:30,868333,0,0,0,0,0,293721,0,Won't Do 
Group Finance Backbone,,GFBB-10928,Story,Closed,17.02.2021 10:32:30,,,28.05.2021 07:11:20,28.05.2021 07:11:23,143798,0,0,0,0,0,0,1018389,Done 
Group Finance Backbone,,GFBB-10890,Story,Closed,17.02.2021 10:03:50,,,28.05.2021 07:07:55,28.05.2021 07:07:56,143824,0,0,0,0,0,0,1018392,Done 
Group Finance Backbone,,GFBB-10526,Story,Closed,16.02.2021 16:12:36,,,12.10.2021 14:18:34,25.10.2021 07:52:56,342605,0,18334,0,0,0,0,802347,Done 
Group Finance Backbone,,GFBB-10525,Story,Closed,16.02.2021 16:12:19,,,16.11.2021 15:42:52,16.11.2021 15:42:53,393090,0,0,0,0,0,0,770197,Done 
Group Finance Backbone,,GFBB-10522,Story,Closed,16.02.2021 16:11:07,,,30.11.2021 12:15:31,30.11.2021 12:15:33,413044,0,0,0,0,0,0,750245,Done 
Group Finance Backbone,,GFBB-9161,Story,Resolved,12.02.2021 08:05:37,,,11.10.2022 17:02:38,11.10.2022 17:02:38,873177,0,0,0,0,0,296358,0,Won't Do 
Group Finance Backbone,,GFBB-9160,Story,Resolved,12.02.2021 08:05:16,,,11.10.2022 17:02:13,11.10.2022 17:02:13,873176,0,0,0,0,0,296358,0,Won't Do 
Group Finance Backbone,,GFBB-9157,Story,Resolved,12.02.2021 08:04:17,,,11.10.2022 17:01:36,11.10.2022 17:01:36,873177,0,0,0,0,0,296359,0,Won't Do 
Group Finance Backbone,,GFBB-9156,Story,Resolved,12.02.2021 08:03:46,,,11.10.2022 16:53:09,11.10.2022 16:53:09,873169,0,0,0,0,0,296367,0,Won't Do 
Group Finance Backbone,,GFBB-9152,Story,Resolved,12.02.2021 08:02:21,,,11.10.2022 16:52:47,11.10.2022 16:52:47,873170,0,0,0,0,0,296368,0,Won't Do 
Group Finance Backbone,,GFBB-9148,Story,Resolved,12.02.2021 08:00:47,,,13.10.2022 17:34:17,13.10.2022 17:34:17,876093,0,0,0,0,0,293446,0,Won't Do 
Group Finance Backbone,,GFBB-9147,Story,Resolved,12.02.2021 08:00:24,,,11.10.2022 16:50:14,11.10.2022 16:50:14,873169,0,0,0,0,0,296370,0,Won't Do 
Group Finance Backbone,,GFBB-9146,Story,Resolved,12.02.2021 08:00:00,,,11.10.2022 16:49:53,11.10.2022 16:49:53,873169,0,0,0,0,0,296370,0,Won't Do 
Group Finance Backbone,,GFBB-9145,Story,Resolved,12.02.2021 07:59:19,,,11.10.2022 16:49:24,11.10.2022 16:49:24,873170,0,0,0,0,0,296371,0,Won't Do 
Group Finance Backbone,,GFBB-9144,Story,Resolved,12.02.2021 07:58:47,,,11.10.2022 17:06:54,11.10.2022 17:06:54,873188,0,0,0,0,0,296353,0,Won't Do 
Group Finance Backbone,,GFBB-9143,Story,Resolved,12.02.2021 07:58:15,,,11.10.2022 16:49:02,11.10.2022 16:49:02,873170,0,0,0,0,0,296371,0,Won't Do 
Group Finance Backbone,,GFBB-9142,Story,Resolved,12.02.2021 07:57:56,,,11.10.2022 16:48:13,11.10.2022 16:48:13,873170,0,0,0,0,0,296372,0,Won't Do 
Group Finance Backbone,,GFBB-9141,Story,Resolved,12.02.2021 07:57:30,,,11.10.2022 16:47:52,11.10.2022 16:47:52,873170,0,0,0,0,0,296372,0,Won't Do 
Group Finance Backbone,,GFBB-9140,Story,Resolved,12.02.2021 07:56:49,,,11.10.2022 16:47:32,11.10.2022 16:47:32,873170,0,0,0,0,0,296373,0,Won't Do 
Group Finance Backbone,,GFBB-9138,Story,Resolved,12.02.2021 07:55:38,,,11.10.2022 16:47:11,11.10.2022 16:47:11,873171,0,0,0,0,0,296373,0,Won't Do 
Group Finance Backbone,,GFBB-9137,Story,Resolved,12.02.2021 07:55:18,,,11.10.2022 16:46:51,11.10.2022 16:46:51,873171,0,0,0,0,0,296373,0,Won't Do 
Group Finance Backbone,,GFBB-9130,Story,Resolved,12.02.2021 07:52:36,,,11.10.2022 16:46:31,11.10.2022 16:46:31,873173,0,0,0,0,0,296374,0,Won't Do 
Group Finance Backbone,,GFBB-9129,Story,Closed,12.02.2021 07:52:17,,,11.10.2022 16:45:20,27.10.2022 16:47:38,873173,0,0,0,0,0,23042,273333,Done 
Group Finance Backbone,,GFBB-9128,Story,Closed,12.02.2021 07:51:56,,,11.10.2022 16:44:11,27.10.2022 16:47:18,873172,0,0,0,0,0,23043,273333,Done 
Group Finance Backbone,,GFBB-9126,Story,Resolved,12.02.2021 07:51:18,,,11.10.2022 16:36:03,11.10.2022 16:36:03,873164,0,0,0,0,0,296384,0,Won't Do 
Group Finance Backbone,,GFBB-9125,Story,Closed,12.02.2021 07:50:55,,,11.10.2022 16:32:57,27.10.2022 16:46:52,873162,0,0,2,0,0,23051,273333,Done 
Group Finance Backbone,,GFBB-9123,Story,Resolved,12.02.2021 07:49:56,,,11.10.2022 16:24:15,11.10.2022 16:24:15,873154,0,0,0,0,0,296396,0,Won't Do 
Group Finance Backbone,,GFBB-9122,Story,Resolved,12.02.2021 07:49:32,,,11.10.2022 16:23:52,11.10.2022 16:23:52,873154,0,0,0,0,0,296396,0,Won't Do 
Group Finance Backbone,,GFBB-9121,Story,Resolved,12.02.2021 07:49:12,,,11.10.2022 16:23:29,11.10.2022 16:23:29,873154,0,0,0,0,0,296397,0,Won't Do 
Group Finance Backbone,,GFBB-9120,Story,Resolved,12.02.2021 07:48:54,,,11.10.2022 15:59:42,11.10.2022 15:59:42,873130,0,0,0,0,0,296421,0,Won't Do 
Group Finance Backbone,,GFBB-9119,Story,Resolved,12.02.2021 07:48:34,,,11.10.2022 15:59:19,11.10.2022 15:59:19,873130,0,0,0,0,0,296421,0,Won't Do 
Group Finance Backbone,,GFBB-9118,Story,Closed,12.02.2021 07:48:16,,,11.10.2022 15:58:43,27.10.2022 16:46:23,873130,0,0,0,0,0,23087,273334,Done 
Group Finance Backbone,,GFBB-9117,Story,Resolved,12.02.2021 07:47:53,,,13.10.2022 14:28:09,13.10.2022 14:28:09,875920,0,0,0,0,0,293632,0,Won't Do 
Group Finance Backbone,,GFBB-9008,Story,Resolved,11.02.2021 14:40:48,,,11.10.2022 15:56:10,11.10.2022 15:56:10,874155,0,0,0,0,0,296424,0,Won't Do 
Group Finance Backbone,,GFBB-9005,Story,New,11.02.2021 14:37:38,,,,,1170583,0,0,0,0,0,0, 
Group Finance Backbone,,GFBB-9004,Story,New,11.02.2021 14:36:59,,,,,1170583,0,0,0,0,0,0, 
Group Finance Backbone,,GFBB-9003,Story,Resolved,11.02.2021 14:36:30,,,12.07.2021 09:49:25,26.09.2022 16:23:25,217152,0,635434,0,0,0,317997,0,Won't Do 
Group Finance Backbone,,GFBB-9000,Story,New,11.02.2021 14:34:57,,,,,1170585,0,0,0,0,0,0, 
Group Finance Backbone,,GFBB-8999,Story,New,11.02.2021 14:34:23,,,,,1170586,0,0,0,0,0,0, 
Group Finance Backbone,,GFBB-8998,Story,New,11.02.2021 14:33:54,,,,,1170586,0,0,0,0,0,0, 
Group Finance Backbone,,GFBB-8997,Story,New,11.02.2021 14:33:26,,,,,1170587,0,0,0,0,0,0, 
Group Finance Backbone,,GFBB-8996,Story,New,11.02.2021 14:32:59,,,,,1170587,0,0,0,0,0,0, 
Group Finance Backbone,,GFBB-8992,Story,Resolved,11.02.2021 14:30:28,,,11.10.2022 15:55:29,11.10.2022 15:55:29,874165,0,0,0,0,0,296425,0,Won't Do 
Group Finance Backbone,,GFBB-8990,Story,New,11.02.2021 14:29:13,,,,,1170591,0,0,0,0,0,0, 
Group Finance Backbone,,GFBB-8988,Story,Resolved,11.02.2021 14:28:06,,,11.10.2022 15:54:37,11.10.2022 15:54:37,874166,0,0,0,0,0,296426,0,Won't Do 
Group Finance Backbone,,GFBB-8987,Story,Resolved,11.02.2021 14:27:30,,,11.10.2022 15:54:00,11.10.2022 15:54:00,874166,0,0,0,0,0,296426,0,Won't Do 
Group Finance Backbone,,GFBB-8986,Story,Resolved,11.02.2021 14:26:59,,,11.10.2022 15:53:34,11.10.2022 15:53:34,874166,0,0,0,0,0,296427,0,Won't Do 
Group Finance Backbone,,GFBB-8985,Story,Resolved,11.02.2021 14:26:27,,,11.10.2022 15:53:19,11.10.2022 15:53:19,874166,0,0,0,0,0,296427,0,Won't Do 
Group Finance Backbone,,GFBB-8984,Story,Resolved,11.02.2021 14:25:52,,,11.10.2022 15:53:00,11.10.2022 15:53:00,874167,0,0,0,0,0,296427,0,Won't Do 
Group Finance Backbone,,GFBB-8983,Story,Resolved,11.02.2021 14:25:14,,,11.10.2022 15:52:38,11.10.2022 15:52:38,874167,0,0,0,0,0,296428,0,Won't Do 
Group Finance Backbone,,GFBB-8982,Story,Resolved,11.02.2021 14:24:39,,,11.10.2022 15:52:26,11.10.2022 15:52:26,874167,0,0,0,0,0,296428,0,Won't Do 
Group Finance Backbone,,GFBB-8981,Story,Resolved,11.02.2021 14:24:07,,,11.10.2022 15:52:14,11.10.2022 15:52:14,874168,0,0,0,0,0,296428,0,Won't Do 
Group Finance Backbone,,GFBB-8980,Story,Resolved,11.02.2021 14:23:29,,,11.10.2022 15:52:01,11.10.2022 15:52:01,874168,0,0,0,0,0,296428,0,Won't Do 
Group Finance Backbone,,GFBB-8978,Story,New,11.02.2021 14:21:57,,,,,1170598,0,0,0,0,0,0, 
Group Finance Backbone,,GFBB-8977,Story,Resolved,11.02.2021 14:21:28,,,11.10.2022 15:51:43,11.10.2022 15:51:43,874170,0,0,0,0,0,296429,0,Won't Do 
Group Finance Backbone,,GFBB-8974,Story,New,11.02.2021 14:19:42,,,,,1170601,0,0,0,0,0,0, 
Group Finance Backbone,,GFBB-8973,Story,New,11.02.2021 14:19:08,,,,,1170601,0,0,0,0,0,0, 
Group Finance Backbone,,GFBB-8972,Story,New,11.02.2021 14:18:36,,,,,1170602,0,0,0,0,0,0, 
Group Finance Backbone,,GFBB-8970,Story,Resolved,11.02.2021 14:17:21,,,11.10.2022 15:51:18,11.10.2022 15:51:18,874173,0,0,0,0,0,296429,0,Won't Do 
Group Finance Backbone,,GFBB-8969,Story,New,11.02.2021 14:16:41,,,,,1170604,0,0,0,0,0,0, 
Group Finance Backbone,,GFBB-8968,Story,Resolved,11.02.2021 14:16:10,,,11.10.2022 15:51:00,11.10.2022 15:51:00,874174,0,0,0,0,0,296429,0,Won't Do 
Group Finance Backbone,,GFBB-8966,Story,Resolved,11.02.2021 14:13:44,,,11.10.2022 15:50:40,11.10.2022 15:50:40,874176,0,0,0,0,0,296430,0,Won't Do 
Group Finance Backbone,,GFBB-8965,Story,New,11.02.2021 14:13:02,,,,,1170607,0,0,0,0,0,0, 
Group Finance Backbone,,GFBB-8964,Story,New,11.02.2021 14:11:53,,,,,1170608,0,0,0,0,0,0, 
Group Finance Backbone,,GFBB-8963,Story,Resolved,11.02.2021 14:10:41,,,11.10.2022 15:50:17,11.10.2022 15:50:17,874179,0,0,0,0,0,296430,0,Won't Do 
Group Finance Backbone,,GFBB-8962,Story,Resolved,11.02.2021 14:09:30,,,11.10.2022 15:45:03,11.10.2022 15:45:03,874175,0,0,0,0,0,296435,0,Won't Do 
Group Finance Backbone,,GFBB-8961,Story,Resolved,11.02.2021 14:08:57,,,11.10.2022 15:44:46,11.10.2022 15:44:46,874175,0,0,0,0,0,296436,0,Won't Do 
Group Finance Backbone,,GFBB-8960,Story,Resolved,11.02.2021 14:08:19,,,11.10.2022 15:44:28,11.10.2022 15:44:28,874176,0,0,0,0,0,296436,0,Won't Do 
Group Finance Backbone,,GFBB-8959,Story,Resolved,11.02.2021 14:07:36,,,11.10.2022 15:43:56,11.10.2022 15:43:56,874176,0,0,0,0,0,296436,0,Won't Do 
Group Finance Backbone,,GFBB-8958,Story,Resolved,11.02.2021 14:06:41,,,11.10.2022 15:43:34,11.10.2022 15:43:34,874176,0,0,0,0,0,296437,0,Won't Do 
Group Finance Backbone,,GFBB-8957,Story,Resolved,11.02.2021 14:05:54,,,11.10.2022 15:43:12,11.10.2022 15:43:12,874177,0,0,0,0,0,296437,0,Won't Do 
Group Finance Backbone,,GFBB-8880,Story,In Progress,08.02.2021 14:10:19,,,26.04.2021 15:21:38,,110951,0,806095,257884,0,0,0,0, 
Group Finance Backbone,,GFBB-8743,Story,Resolved,01.02.2021 10:14:05,,,16.02.2021 08:51:49,28.11.2022 17:52:52,21517,0,80787,66718,0,789033,227187,0,Done 
Group Finance Backbone,,GFBB-8588,Story,Closed,22.01.2021 10:55:50,,,22.01.2021 12:39:16,26.03.2021 10:07:15,103,0,80477,0,0,0,10090,1108933,Duplicate 
Group Finance Backbone,,GFBB-7922,Epic,In Review,25.11.2020 10:33:10,,,05.03.2021 13:07:42,,144154,132155,371534,25122,610180,0,0,0, 
Group Finance Backbone,,GFBB-7731,Story,Resolved,02.11.2020 09:32:21,,,12.05.2022 10:59:30,17.05.2022 11:32:38,800727,0,0,0,0,0,515601,0,Won't Do 
Group Finance Backbone,,GFBB-7559,Story,Closed,15.10.2020 09:03:29,,,19.10.2020 16:50:49,18.01.2021 08:52:41,6227,0,120463,6090,0,0,4007,1205488,Done 
Group Finance Backbone,,GFBB-5822,Story,New,07.05.2020 15:03:33,,,,,1573757,0,0,0,0,0,0, 
Group Finance Backbone,,GFBB-2548,Epic,In Specification,07.10.2019 23:39:58,,,05.03.2021 13:06:09,,740966,953552,185441,0,0,0,0,0, 
Group Finance Backbone,,GFBB-2537,Epic,Resolved,07.10.2019 23:39:52,,,10.12.2020 14:51:08,18.11.2021 13:28:32,618671,0,0,287859,205978,0,767452,0,Done 
Financial Reporting & Analytics,,FINRA-16677,Test,Ready,17.11.2022 15:54:48,TBB|Use Case Reporting|,,17.11.2022 15:56:37,,1,0,243144,0,0,0,0,0, 
Financial Reporting & Analytics,,FINRA-16278,Story,New,02.11.2022 15:45:25,,,,,264755,0,0,0,0,0,0, 
Financial Reporting & Analytics,,FINRA-15586,Story,Closed,06.10.2022 15:54:33,,,06.10.2022 15:54:44,16.11.2022 16:40:59,0,8460,0,11735,0,0,38889,244539,Done 
Financial Reporting & Analytics,,FINRA-15585,Story,Closed,06.10.2022 15:49:56,,,07.10.2022 09:28:07,16.11.2022 16:40:49,1058,333,0,18806,0,0,38892,244540,Done 
Financial Reporting & Analytics,,FINRA-15574,Story,Resolved,06.10.2022 13:47:15,,,06.10.2022 13:53:23,09.11.2022 14:38:32,6,0,0,49005,0,0,254742,0,Done 
Financial Reporting & Analytics,,FINRA-15569,Story,Resolved,06.10.2022 12:15:24,,,06.10.2022 12:15:31,17.10.2022 16:02:26,0,99,0,15967,0,0,287778,0,Done 
Financial Reporting & Analytics,,FINRA-15501,Epic,In Specification,29.09.2022 16:03:18,BW/4|FinanceLayer|Use Case Reporting|,,29.09.2022 16:04:31,,1,313691,4,0,0,0,0,0, 
Financial Reporting & Analytics,,FINRA-8561,Epic,Open,07.07.2022 10:55:13,Use Case Reporting|,,29.09.2022 16:13:42,,121278,25866,287820,0,0,0,0,0, 
Financial Reporting & Analytics,,FINRA-8560,Epic,Closed,07.07.2022 10:50:26,Use Case Reporting|,,14.07.2022 14:36:24,15.09.2022 09:29:42,10305,0,0,68900,11678,0,9833,334251,Done 
Financial Reporting & Analytics,,FINRA-8189,Task,Closed,28.06.2022 15:02:37,DataGovernance|Integration|,,28.06.2022 16:55:06,12.07.2022 10:20:12,112,0,0,104,0,0,19660,427800,Done 
Financial Reporting & Analytics,,FINRA-7197,Story,Closed,02.05.2022 17:26:51,Alt-BW|,,02.05.2022 17:29:30,06.09.2022 08:29:12,2,122145,178,8290,50950,0,774,347271,Done 
Financial Reporting & Analytics,,FINRA-7196,Story,Closed,02.05.2022 17:19:16,Alt-BW|,,04.05.2022 06:07:05,01.09.2022 17:02:26,2207,0,23195,149009,0,0,1250,353958,Done 
Financial Reporting & Analytics,,FINRA-7195,Story,Closed,02.05.2022 17:12:14,Alt-BW|,,04.05.2022 06:07:25,07.09.2022 09:34:08,2215,0,3153,5973,163077,0,9442,345766,Done 
Financial Reporting & Analytics,,FINRA-6249,Story,Closed,25.03.2022 09:49:55,BW/4|FinanceLayer|,,29.03.2022 08:26:16,26.07.2022 16:20:50,5676,40586,0,0,0,1,26066,512458,Duplicate 
Financial Reporting & Analytics,,FINRA-6010,Epic,In Specification,14.03.2022 16:03:44,Alt-BW|BW/4|FinanceLayer|,,29.09.2022 15:58:03,,286554,313702,0,0,0,0,0,0, 
Financial Reporting & Analytics,,FINRA-4872,Story,Closed,17.01.2022 08:27:05,Accounting|BW/4|FinanceLayer|SAC|,,08.02.2022 11:20:32,01.09.2022 16:20:08,31853,28996,122488,143968,0,0,46,354000,Done 
Financial Reporting & Analytics,,FINRA-4151,Epic,Closed,22.11.2021 12:54:57,BW/4|FinanceLayer|,,29.11.2021 09:46:17,26.09.2022 10:26:28,9891,94064,0,305045,34370,0,0,318354,Done 
Financial Reporting & Analytics,,FINRA-3309,Epic,New,29.09.2021 13:40:03,TBB|Use Case Reporting|,,,,839440,0,0,0,0,0,0, 
Financial Reporting & Analytics,,FINRA-3308,Epic,New,29.09.2021 13:38:41,TBB|Use Case Reporting|,,,,839442,0,0,0,0,0,0, 
Financial Reporting & Analytics,,FINRA-3307,Epic,Open,29.09.2021 13:37:45,Use Case Reporting|,,29.09.2022 16:13:35,,528503,67734,243203,0,0,0,0,0, 
Financial Reporting & Analytics,,FINRA-3306,Epic,New,29.09.2021 13:36:02,TBB|Use Case Reporting|,,,,839444,0,0,0,0,0,0, 
Financial Reporting & Analytics,,FINRA-3304,Epic,Open,29.09.2021 13:24:04,TBB|Use Case Reporting|,,15.11.2022 16:55:09,,593491,22,245943,0,0,0,0,0, 
Financial Reporting & Analytics,,FINRA-3275,Epic,Open,27.09.2021 12:05:35,Use Case Reporting|,,07.10.2021 16:29:40,,239500,296373,306539,0,0,0,0,0, 
Financial Reporting & Analytics,,FINRA-3090,Epic,New,14.09.2021 10:00:29,TBB|Use Case Reporting|,,,,861260,0,0,0,0,0,0, 
Financial Reporting & Analytics,,FINRA-3089,Epic,In Review,14.09.2021 09:46:07,TBB|Use Case Reporting|,,30.11.2021 13:59:51,,111133,190017,62110,254928,243084,0,0,0, 
Enabling Platforms,,ENABLPLATF-3557,Story,In Progress,08.08.2022 16:31:27,TBB Platform|,,22.11.2022 14:19:10,,152507,0,0,236041,0,0,0,0, 
COSMIC,,COSMIC-23569,Story,In Review,03.02.2022 17:16:33,SM-Accounts Payables|,,03.02.2022 17:19:50,10.11.2022 11:05:19,3,0,7233,4067,644846,0,192,0, 
COSMIC,,COSMIC-22813,Story,Resolved,16.11.2021 21:56:52,SM-Accounts Payables|,,23.11.2021 09:36:36,24.11.2022 18:17:59,9339,21715,2722,59243,425127,18752,232922,0,Done 
COSMIC,,COSMIC-22807,Story,In Review,16.11.2021 12:27:39,SM-Accounts Payables|,,23.11.2021 09:29:10,10.11.2022 10:58:07,9901,21722,2722,72355,644852,18642,192,0, 
COSMIC,,COSMIC-22378,Story,In Review,19.10.2021 16:47:00,SM-Accounts Payables|,,29.10.2021 18:03:55,10.11.2022 11:02:45,14476,57207,2722,81215,605727,48897,201,0, 
COSMIC,,COSMIC-18407,Story,In Review,19.04.2021 17:28:14,SM-Accounts Payables|,,13.08.2021 16:50:17,,167002,6933,28720,116290,754984,0,0,0, 
COSMIC,,COSMIC-18406,Story,Resolved,19.04.2021 16:59:44,SM-Accounts Payables|,,13.08.2021 16:49:01,10.11.2022 10:28:18,167029,6934,30042,0,616400,0,253552,0,Done 
COSMIC,,COSMIC-12671,Story,In Review,29.06.2020 17:25:48,SM-Accounts Payables|,,23.11.2021 10:35:36,,736869,21572,47791,26835,579960,84260,0,0, 
Shared CFS ,,CFROF-35738,Test Execution,Closed,16.09.2022 12:53:43,Document Management|,,27.10.2022 17:11:35,28.10.2022 14:21:16,59297,0,0,1269,0,0,0,272039, 
Shared CFS ,,CFROF-35716,Test Plan,Closed,13.09.2022 11:42:14,Document Management|,,22.11.2022 14:51:13,22.11.2022 14:51:13,100988,0,0,0,0,0,0,236009, 
Shared CFS ,,CFROF-35712,Test Execution,Closed,13.09.2022 10:28:17,Document Management|,,15.11.2022 16:41:10,18.11.2022 11:02:36,91092,0,0,3981,0,0,0,241998, 
Shared CFS ,,CFROF-35711,Test Execution,Closed,13.09.2022 10:23:18,Document Management|,,18.11.2022 11:30:30,18.11.2022 11:30:30,95107,0,0,0,0,0,0,241970, 
Shared CFS ,,CFROF-35709,Test Execution,Closed,13.09.2022 10:20:23,Document Management|,,18.11.2022 11:34:44,18.11.2022 11:34:44,95114,0,0,0,0,0,0,241966, 
Shared CFS ,,CFROF-35708,Test Execution,Closed,13.09.2022 10:17:25,Document Management|,,06.10.2022 11:18:18,19.10.2022 08:58:04,33180,0,0,18579,0,0,0,285322, 
Shared CFS ,,CFROF-35707,Test Execution,Closed,13.09.2022 10:14:03,Document Management|,,19.09.2022 14:38:13,02.11.2022 11:09:29,8904,0,0,63151,0,0,0,265031, 
Shared CFS ,,CFROF-35705,Test Execution,Closed,13.09.2022 10:04:29,Document Management|,,28.09.2022 13:58:37,28.09.2022 13:58:37,21834,0,0,0,0,0,0,315262, 
Shared CFS ,,CFROF-35180,Epic,Closed,05.08.2022 13:20:58,Document Management|,,13.10.2022 08:29:02,17.10.2022 16:07:09,99068,0,0,0,0,0,6218,287773,Won't Do 
Shared CFS ,,CFROF-32899,Epic,In Progress,23.02.2022 13:56:54,Document Management|,,17.03.2022 13:55:20,,31678,0,67762,528302,0,0,0,0, 
Shared CFS ,,CFROF-29128,Defect,Closed,04.06.2021 12:53:42,DE|Document Management|,,08.06.2021 07:54:31,09.06.2021 23:32:44,5460,0,0,437,1941,0,0,1000128,Fixed 
Shared CFS ,,CFROF-27027,Defect,Closed,30.03.2021 16:23:58,DE|Document Management|,,22.04.2021 17:24:33,18.05.2021 23:18:06,33180,0,0,28764,9028,0,0,1031822,Fixed 
Shared CFS ,,CFROF-27026,Defect,Closed,30.03.2021 16:22:24,DE|Document Management|,,22.04.2021 17:20:59,28.04.2021 17:05:33,33178,0,0,1250,7374,0,0,1060995,Duplicate 
Shared CFS ,,CFROF-27025,Defect,Closed,30.03.2021 16:17:56,DE|Document Management|,,14.04.2021 16:55:45,07.05.2021 16:17:17,21637,0,0,12799,20282,0,0,1048083,Fixed 
Shared CFS ,,CFROF-27024,Defect,Closed,30.03.2021 16:14:43,DE|Document Management|,,22.04.2021 17:20:20,05.05.2021 10:10:14,33185,0,0,1251,17038,0,0,1051330,Fixed 
Shared CFS ,,CFROF-27023,Defect,Closed,30.03.2021 16:09:42,DE|Document Management|,,22.04.2021 17:09:35,04.05.2021 22:48:54,33179,0,0,1262,16357,0,0,1052011,Fixed 
Shared CFS ,,CFROF-27022,Defect,Closed,30.03.2021 15:59:54,DE|Document Management|,,22.04.2021 17:19:38,13.05.2021 00:35:24,33199,0,0,1255,27979,0,0,1040385,Fixed 
Shared CFS ,,CFROF-27021,Defect,Closed,30.03.2021 15:53:43,DE|Document Management|,,22.04.2021 17:18:03,18.05.2021 14:41:15,33204,0,0,28770,8512,0,0,1032339,Fixed 
Shared CFS ,,CFROF-27020,Defect,Closed,30.03.2021 15:49:31,DE|Document Management|,,22.04.2021 17:21:49,18.05.2021 14:27:03,33212,0,0,28764,8500,0,0,1032353,Fixed 
Shared CFS ,,CFROF-26696,Defect,Closed,25.03.2021 16:50:31,Document Management|,,26.03.2021 09:45:00,29.03.2021 21:34:08,1014,0,0,0,5029,0,0,1103926,Fixed 
Shared CFS ,,CFROF-25291,Defect,Closed,26.02.2021 11:30:50,DE|Document Management|,,26.02.2021 11:31:09,21.04.2021 10:10:04,0,0,0,76412,1265,0,0,1071490,Fixed 
Shared CFS ,,CFROF-25064,Defect,Closed,17.02.2021 16:18:20,DE|Document Management|,,18.02.2021 16:44:40,16.03.2021 11:44:46,1466,0,0,37139,0,0,0,1123236,Fixed 
Shared CFS ,,CFROF-25049,Defect,Closed,17.02.2021 12:34:43,DE|Document Management|,,26.02.2021 06:24:58,06.04.2021 15:19:30,12590,0,266,56426,0,0,2,1092781,Duplicate 
Shared CFS ,,CFROF-25047,Defect,Closed,17.02.2021 12:24:22,DE|Document Management|,,26.02.2021 06:24:15,25.05.2021 23:31:52,12599,0,298,76422,51025,0,0,1021728,Fixed 
Shared CFS ,,CFROF-18243,Task,Closed,27.07.2020 08:44:13,Document Management|Reporting|,,29.07.2020 22:23:03,14.05.2021 08:50:23,3698,0,0,333894,0,80482,969,1038450,Done 
Shared CFS ,,CFROF-6665,Epic,Closed,09.08.2019 10:33:41,Document Management|,,22.10.2019 17:19:29,20.08.2021 10:22:38,106965,0,0,961503,0,0,0,897238,Done 
Shared CFS ,,CFROF-6340,Epic,Closed,01.07.2019 12:28:05,Document Management|,,29.10.2020 15:59:28,04.07.2021 12:33:02,700051,0,0,356913,0,0,0,964787,Done 
Shared CFS ,,CFROF-6003,Epic,Closed,16.05.2019 11:14:15,Document Management|,,22.10.2019 17:16:20,03.07.2021 14:47:20,229322,0,0,892629,0,0,21,966093,Done 
Shared CFS ,,CFROF-3441,Epic,Closed,05.10.2018 12:54:59,Document Management|,,28.11.2019 11:31:44,28.11.2019 11:34:32,603276,0,0,0,0,0,2,1805806,Done 
Shared CFS ,,CFROF-3432,Epic,Closed,05.10.2018 12:51:22,Document Management|,,28.11.2019 11:30:06,28.11.2019 11:34:11,603278,0,0,0,0,0,4,1805806,Done 
Shared CFS ,,CFROF-3430,Epic,Closed,05.10.2018 12:50:32,Document Management|,,28.11.2019 11:18:56,28.11.2019 11:20:19,603268,0,0,0,0,0,1,1805820,Done 
Shared CFS ,,CFROF-3318,Epic,Closed,04.10.2018 12:36:02,Document Management|,,28.11.2019 12:38:58,28.11.2019 12:41:34,604802,0,0,0,0,0,2,1805739,Done 
Shared CFS ,,CFROF-3317,Epic,Closed,04.10.2018 12:35:31,Document Management|,,28.11.2019 12:38:41,28.11.2019 12:41:31,604803,0,0,0,0,0,2,1805739,Done 
CF CS Requirements,,CFCS-103,Story,Closed,29.01.2017 20:22:00,Document Management|,,,,3292798,0,0,0,0,0,0, 
CF CS Requirements,,CFCS-102,Story,Closed,29.01.2017 20:17:00,Document Management|,,,,3292803,0,0,0,0,0,0, 
CF CS Requirements,,CFCS-100,Story,Closed,29.01.2017 19:58:00,Document Management|,,,,3292822,0,0,0,0,0,0, 
Accounts Payable,,CCBFIAP18-2618,Sub-task,Open,01.12.2022 09:57:01,Automatic invoice procedure|,,,,223343,0,0,0,0,0,0, 
Accounts Payable,,CCBFIAP18-2617,Task,New,01.12.2022 09:21:21,A1 - BMW AG|Invoice Verification|,,,,223379,0,0,0,0,0,0, 
Accounts Payable,,CCBFIAP18-2616,Task,New,01.12.2022 07:47:43,A1 - BMW AG|Invoice Verification|,,,,223473,0,0,0,0,0,0, 
Accounts Payable,,CCBFIAP18-2614,Task,New,30.11.2022 12:15:19,Automatic invoice procedure|,,,,224645,0,0,0,0,0,0, 
Accounts Payable,,CCBFIAP18-2613,Story,New,30.11.2022 11:27:25,,,,,224693,0,0,0,0,0,0, 
Accounts Payable,,CCBFIAP18-2612,Story,New,30.11.2022 11:17:37,,,,,224703,0,0,0,0,0,0, 
Accounts Payable,,CCBFIAP18-2611,Task,New,30.11.2022 11:17:00,Invoice Verification|,,,,224703,0,0,0,0,0,0, 
Accounts Payable,,CCBFIAP18-2610,Story,New,30.11.2022 11:15:15,,,,,224705,0,0,0,0,0,0, 
Accounts Payable,,CCBFIAP18-2609,Story,New,30.11.2022 11:08:28,Future Lab|,,,,224712,0,0,0,0,0,0, 
Accounts Payable,,CCBFIAP18-2608,Story,New,30.11.2022 11:05:35,Future Lab|,,,,224715,0,0,0,0,0,0, 
Accounts Payable,,CCBFIAP18-2607,Story,New,30.11.2022 11:04:18,Future Lab|,,,,224716,0,0,0,0,0,0, 
Accounts Payable,,CCBFIAP18-2606,Task,Closed,30.11.2022 10:53:06,Invoice Verification|,,30.11.2022 17:07:13,01.12.2022 08:47:15,374,0,0,0,0,0,940,223413,Done 
Accounts Payable,,CCBFIAP18-2605,Task,New,30.11.2022 10:35:24,Automatic invoice procedure|,,,,224745,0,0,0,0,0,0, 
Accounts Payable,,CCBFIAP18-2604,Task,Open,29.11.2022 16:53:50,Accounts Payable Accounting|UH - BMW Manufacturing Hungary|,,29.11.2022 16:55:18,,1,0,225805,0,0,0,0,0, 
Accounts Payable,,CCBFIAP18-2603,Story,New,29.11.2022 16:48:52,,,,,225811,0,0,0,0,0,0, 
Accounts Payable,,CCBFIAP18-2602,Task,In Progress,29.11.2022 14:36:48,Automatic invoice procedure|MU - BMW (UK) Manufacturing|,,01.12.2022 11:46:17,,2709,0,0,223234,0,0,0,0, 
Accounts Payable,,CCBFIAP18-2601,Task,Open,29.11.2022 14:27:26,Accounts Payable Accounting|UH - BMW Manufacturing Hungary|,,29.11.2022 16:06:47,,99,0,225854,0,0,0,0,0, 
Accounts Payable,,CCBFIAP18-2600,Task,Resolved,29.11.2022 12:26:38,Invoice Verification|,,29.11.2022 15:59:33,29.11.2022 15:59:33,212,0,0,0,0,0,225861,0,Done 
Accounts Payable,,CCBFIAP18-2599,Task,In Progress,29.11.2022 11:57:08,Invoice Verification|,,30.11.2022 07:18:08,,1161,0,0,224942,0,0,0,0, 
Accounts Payable,,CCBFIAP18-2598,Task,In Progress,29.11.2022 11:28:34,Accounts Payable Accounting|TBB|,,29.11.2022 11:31:50,,3,0,0,226128,0,0,0,0, 
Accounts Payable,,CCBFIAP18-2597,Sub-task,In Progress,29.11.2022 11:27:41,,,01.12.2022 10:23:34,,2815,0,0,223317,0,0,0,0, 
Accounts Payable,,CCBFIAP18-2596,Task,Open,29.11.2022 09:54:06,A1 - BMW AG|Invoice Verification|,,29.11.2022 11:36:05,,101,0,226124,0,0,0,0,0, 
Accounts Payable,,CCBFIAP18-2595,Task,Resolved,28.11.2022 16:33:29,A1 - BMW AG|Automatic invoice procedure|Document Management|,,29.11.2022 07:25:46,01.12.2022 11:40:08,892,0,0,3134,0,0,223240,0,Done 
Accounts Payable,,CCBFIAP18-2594,Task,Resolved,28.11.2022 15:46:46,A1 - BMW AG|Invoice Verification|,,29.11.2022 15:56:21,29.11.2022 15:56:21,1449,0,0,0,0,0,225864,0,Done 
Accounts Payable,,CCBFIAP18-2593,Task,Closed,28.11.2022 15:03:16,A1 - BMW AG|Accounts Payable Accounting|Prozess-MGMT, agile Transformation|,,28.11.2022 16:08:03,29.11.2022 15:19:08,64,0,0,3,0,0,1387,225901,Done 
Accounts Payable,,CCBFIAP18-2592,Task,New,28.11.2022 11:06:07,A1 - BMW AG|Document Management|MU - BMW (UK) Manufacturing|,,,,227594,0,0,0,0,0,0, 
Accounts Payable,,CCBFIAP18-2591,Task,Resolved,28.11.2022 10:34:44,Invoice Verification|,,29.11.2022 16:01:19,29.11.2022 16:01:19,1766,0,0,0,0,0,225859,0,Done 
Accounts Payable,,CCBFIAP18-2590,Task,Resolved,28.11.2022 10:23:07,Invoice Verification|,,29.11.2022 16:02:32,29.11.2022 16:02:32,1779,0,0,0,0,0,225858,0,Done 
Accounts Payable,,CCBFIAP18-2589,Task,Resolved,28.11.2022 09:59:45,Invoice Verification|,,29.11.2022 18:21:22,29.11.2022 18:21:22,1941,0,0,0,0,0,225719,0,Done 
Accounts Payable,,CCBFIAP18-2588,Task,Resolved,28.11.2022 08:08:41,A1 - BMW AG|Accounts Payable Accounting|,,29.11.2022 11:32:49,29.11.2022 11:33:51,1644,0,0,1,0,0,226126,0,Duplicate 
Accounts Payable,,CCBFIAP18-2587,Task,New,27.11.2022 10:18:49,Invoice Verification|,,,,229082,0,0,0,0,0,0, 
Accounts Payable,,CCBFIAP18-2586,Task,New,25.11.2022 10:03:33,Invoice Verification|,,,,231977,0,0,0,0,0,0, 
Accounts Payable,,CCBFIAP18-2585,Task,New,25.11.2022 09:36:30,Invoice Verification|,,,,232004,0,0,0,0,0,0, 
Accounts Payable,,CCBFIAP18-2584,Task,Resolved,25.11.2022 08:17:35,Invoice Verification|,,29.11.2022 16:05:44,29.11.2022 16:05:44,6228,0,0,0,0,0,225855,0,Done 
Accounts Payable,,CCBFIAP18-2583,Task,Resolved,25.11.2022 08:13:03,Invoice Verification|,,29.11.2022 16:08:02,29.11.2022 16:08:02,6234,0,0,0,0,0,225852,0,Done 
Accounts Payable,,CCBFIAP18-2582,Task,Closed,25.11.2022 07:33:25,Automatic invoice procedure|,,28.11.2022 08:47:11,28.11.2022 09:37:53,4393,0,0,7,0,0,43,227682,Done 
Accounts Payable,,CCBFIAP18-2581,Task,Open,24.11.2022 13:49:09,A1 - BMW AG|Document Management|Invoice Verification|Prozess-MGMT, agile Transformation|,,24.11.2022 14:25:56,,36,0,233154,0,0,0,0,0, 
Accounts Payable,,CCBFIAP18-2580,Task,In Progress,24.11.2022 09:16:44,Accounts Payable Accounting|UH - BMW Manufacturing Hungary|,,24.11.2022 09:17:27,,0,0,0,233463,0,0,0,0, 
Accounts Payable,,CCBFIAP18-2579,Task,New,23.11.2022 16:26:41,Document Management|,,,,234474,0,0,0,0,0,0, 
Accounts Payable,,CCBFIAP18-2578,Task,Resolved,23.11.2022 15:33:38,Accounts Payable Accounting|TBB|,,28.11.2022 09:44:10,29.11.2022 13:05:17,6850,0,0,1641,0,0,226035,0,Done 
