,Project,Group,Key,Issuetype,Status,Created Date,Component,Category,First Date,Res,Closed Date,Funnel,In Analysis,Backlog,In Implementation,Blocker,Completed,Monitoring,Done,Resolution,CycleDays
126,The APP ART,,THEAPP-1863,Feature,Done,16.08.2022 15:36,Pikachu|,,07.09.2022 10:48,Done ,2022-09-23 08:47:00,0,31392,0,22919,0,0,0,60838,Done ,37.72
149,The APP ART,,THEAPP-1816,Feature,E2E Test,25.07.2022 11:11,App ART Funnel|CR|Greatwall|Release 3.2|Release 4.0|SPECTRE|,,25.07.2022 13:39,Done ,2022-09-28 10:01:00,0,21530,0,96694,0,0,0,28867,Done ,82.1
150,The APP ART,,THEAPP-1815,Feature,Done,22.07.2022 16:49,BOND|,,02.08.2022 17:06,Done ,2022-10-18 11:48:00,0,15856,29751,80809,0,0,0,24656,Done ,87.79
161,The APP ART,,THEAPP-1794,Feature,Blocker,03.07.2022 12:56,Greatwall|,,05.07.2022 10:50,Done ,2022-09-20 11:19:00,0,2753,110897,12,63727,0,0,1277,Done ,123.19
210,The APP ART,,THEAPP-1735,Feature,Done,17.05.2022 16:16,2022|Android|App ART Funnel|Backend|Design|iOS|P&S|Release 2.0|Release 3.0|Release 3.1|Skywalker|Stark|,,05.08.2022 22:31,Done ,2022-08-05 22:31:00,0,115575,0,0,0,0,0,130573,Done ,80.26
211,The APP ART,,THEAPP-1734,Feature,Done,11.05.2022 15:00,App ART Funnel|Lebowski|P&S|,,11.05.2022 15:04,Done ,2022-08-04 15:02:00,0,3,39021,83375,0,0,0,132462,Done ,85.0
214,The APP ART,,THEAPP-1720,Feature,Done,10.05.2022 08:20,Greatwall|,,12.07.2022 11:35,Done ,2022-08-10 15:45:00,0,90914,0,42010,0,0,0,123779,Done ,92.31
219,The APP ART,,THEAPP-1711,Feature,Done,27.04.2022 08:18,,,27.06.2022 19:14,Done ,2022-08-10 11:27:00,0,151389,0,0,0,0,0,124037,Done ,105.13
227,The APP ART,,THEAPP-1687,Feature,Done,13.04.2022 08:06,Greatwall|,,15.04.2022 11:20,Done ,2022-08-10 15:47:00,0,3073,95238,73508,0,0,0,123777,Done ,119.32
229,The APP ART,,THEAPP-1681,Feature,Done,11.04.2022 09:16,Greatwall|,,12.04.2022 11:13,Done ,2022-07-06 15:53:00,0,1557,0,122680,0,0,0,174171,Done ,86.28
230,The APP ART,,THEAPP-1678,Feature,Done,07.04.2022 14:24,Stromberg|,,19.04.2022 09:23,Done ,2022-08-05 22:39:00,0,16978,30828,125486,0,0,0,130565,Done ,120.34
235,The APP ART,,THEAPP-1660,Feature,Done,05.04.2022 02:44,Bullitt|,,11.04.2022 09:58,Done ,2022-08-18 21:35:00,0,195530,0,0,0,0,0,111909,Done ,135.78
239,The APP ART,,THEAPP-1656,Feature,Done,04.04.2022 17:08,BOND|Griffin|,,08.08.2022 10:23,Done ,2022-10-11 08:39:00,0,181035,10347,81707,0,0,0,34926,Done ,189.65
253,The APP ART,,THEAPP-1631,Feature,Done,30.03.2022 17:37,Bullitt|,,16.08.2022 19:23,Done ,2022-08-18 21:28:00,0,200265,0,3004,0,0,0,111916,Done ,141.16
259,The APP ART,,THEAPP-1625,Feature,Done,30.03.2022 17:10,Bullitt|,,16.08.2022 19:26,Done ,2022-09-19 18:20:00,0,200295,0,48893,0,0,0,66025,Done ,173.05
261,The APP ART,,THEAPP-1623,Feature,Done,30.03.2022 17:04,Bullitt|,,16.08.2022 19:25,Done ,2022-09-19 18:20:00,0,200300,0,48894,0,0,0,66025,Done ,173.05
266,The APP ART,,THEAPP-1618,Feature,Done,29.03.2022 17:40,Callahan|,,15.06.2022 11:20,Done ,2022-08-12 14:53:00,0,111940,83732,0,0,0,0,120952,Done ,135.88
267,The APP ART,,THEAPP-1617,Feature,Done,29.03.2022 17:39,Callahan|,,15.06.2022 11:20,Done ,2022-08-12 14:52:00,0,111940,83732,0,0,0,0,120952,Done ,135.88
268,The APP ART,,THEAPP-1616,Feature,Done,29.03.2022 17:39,Callahan|,,08.08.2022 14:41,Done ,2022-08-08 14:41:00,0,189902,0,0,0,0,0,126722,Done ,131.88
275,The APP ART,,THEAPP-1609,Feature,Done,29.03.2022 10:35,Lebowski|,,27.06.2022 09:05,Done ,2022-06-27 09:05:00,0,129510,0,0,0,0,0,187540,Done ,89.94
280,The APP ART,,THEAPP-1604,Feature,Done,24.03.2022 19:30,BOND|Lebowski|Skywalker|,,30.03.2022 14:10,Done ,2022-09-16 16:16:00,0,18263,51776,122316,60887,0,0,70469,Done ,175.86
282,The APP ART,,THEAPP-1602,Feature,Backlog,21.03.2022 13:04,App ART Funnel|CR|VICI|,,30.03.2022 19:28,Done ,2022-06-24 13:51:00,4375,43142,269436,11428,0,0,0,37,Done ,225.0
289,The APP ART,,THEAPP-1594,Feature,Done,17.03.2022 09:44,Android|BOND|Greatwall|Mario|Pikachu|SPECTRE|Stark|Stromberg|VICI|,,08.06.2022 13:30,Done ,2022-09-27 16:22:00,0,199214,9926,70617,0,0,0,54622,Done ,194.28
293,The APP ART,,THEAPP-1590,Feature,Done,15.03.2022 18:10,Lebowski|,,17.08.2022 14:22,Done ,2022-08-17 14:22:00,0,222972,0,0,0,0,0,113782,Done ,154.84
298,The APP ART,,THEAPP-1583,Feature,Done,01.03.2022 16:11,Android|Greatwall|Lebowski|Mario|Pikachu|Skywalker|SPECTRE|Stark|Stromberg|VICI|,,23.06.2022 09:32,Done ,2022-09-27 16:30:00,0,230215,1573,70630,0,0,0,54614,Done ,210.01
303,The APP ART,,THEAPP-1577,Feature,Done,22.02.2022 16:08,App ART Funnel|Griffin|,,02.03.2022 12:43,Done ,2022-09-05 13:40:00,0,11315,109475,159861,0,0,0,86464,Done ,194.9
309,The APP ART,,THEAPP-1571,Feature,Done,17.02.2022 11:36,Android|App ART Funnel|C3PO|iOS|Pikachu|,,28.03.2022 16:58,Done ,2022-03-28 16:58:00,0,56482,0,0,0,0,0,318106,Done ,39.22
312,The APP ART,,THEAPP-1556,Feature,Done,15.02.2022 17:45,Greatwall|,,22.02.2022 10:17,Done ,2022-05-03 13:03:00,0,9631,0,100964,0,0,0,266502,Done ,76.8
315,The APP ART,,THEAPP-1553,Feature,Done,11.02.2022 16:35,Lebowski|Mario|P&S|Release 1.0|Release 2.0|Release 3.0|Release 3.1|Release 4.0|,,15.02.2022 18:37,Done ,2022-04-19 11:26:00,0,5882,9634,80653,0,0,0,286758,Done ,66.78
320,The APP ART,,THEAPP-1548,Feature,Done,08.02.2022 16:05,Pikachu|,,10.03.2022 08:51,Done ,2022-05-17 13:02:00,0,90347,50589,0,0,0,0,246342,Done ,97.87
322,The APP ART,,THEAPP-1546,Feature,Done,07.02.2022 09:10,App ART Funnel|Greatwall|,,20.06.2022 14:38,Done ,2022-10-11 08:43:00,0,191847,0,162364,0,0,0,34922,Done ,245.98
325,The APP ART,,THEAPP-1542,Feature,Done,03.02.2022 13:11,VICI|,,21.02.2022 22:30,Done ,2022-09-02 14:17:00,0,109375,62180,132346,0,3,0,90747,Done ,211.04
326,The APP ART,,THEAPP-1541,Feature,Done,01.02.2022 11:49,SPECTRE|,,02.02.2022 13:53,Done ,2022-05-05 15:11:00,0,2709,67853,63559,0,0,0,263493,Done ,93.14
327,The APP ART,,THEAPP-1539,Feature,Done,28.01.2022 13:07,App ART Funnel|Greatwall|,,15.07.2022 13:51,Done ,2022-09-27 04:05:00,0,241963,0,105973,0,0,0,55360,Done ,241.62
333,The APP ART,,THEAPP-1533,Feature,Done,28.01.2022 12:30,App ART Funnel|Greatwall|,,12.04.2022 11:10,Done ,2022-09-22 08:26:00,0,106479,0,234555,0,0,0,62299,Done ,236.83
335,The APP ART,,THEAPP-1531,Feature,Done,27.01.2022 14:36,Greatwall|Release 2.0|Release 3.0|Release 3.1|,,22.02.2022 10:18,Done ,2022-05-23 05:01:00,0,37181,70612,58670,0,0,0,238184,Done ,115.6
341,The APP ART,,THEAPP-1518,Feature,Done,19.01.2022 16:01,App ART Funnel|Greatwall|,,12.04.2022 11:11,Done ,2022-07-04 10:50:00,0,119229,0,119499,0,0,0,177354,Done ,165.78
345,The APP ART,,THEAPP-1514,Feature,Done,18.01.2022 17:23,Android|iOS|Release 2.0|Release 3.0|Release 3.1|Release 3.2|Release 3b|Release 4.0|Stromberg|,,19.01.2022 11:58,Done ,2022-08-05 22:35:00,0,52703,138447,95720,0,0,0,130570,Done ,199.22
347,The APP ART,,THEAPP-1512,Feature,E2E Test,17.01.2022 14:09,App ART Funnel|Greatwall|P&S|Release 2.0|Release 3.1|,,12.04.2022 14:30,Done ,2022-05-23 05:03:00,0,122421,58472,226307,0,0,0,11873,Done ,282.78
348,The APP ART,,THEAPP-1511,Feature,Done,17.01.2022 12:08,SPECTRE|,,16.03.2022 12:05,Done ,2022-06-07 10:27:00,0,123810,57862,21265,0,0,0,216257,Done ,140.93
354,The APP ART,,THEAPP-1504,Feature,Done,13.01.2022 08:32,C3PO|Pikachu|,,18.02.2022 14:57,Done ,2022-05-03 13:41:00,0,52224,106484,0,0,0,0,266463,Done ,110.21
359,The APP ART,,THEAPP-1499,Feature,Done,13.01.2022 02:24,Bullitt|,,19.01.2022 09:23,Done ,2022-09-20 11:08:00,0,56670,41923,261929,0,0,0,65017,Done ,250.36
361,The APP ART,,THEAPP-1497,Feature,Blocker,13.01.2022 02:06,Bullitt|,,19.01.2022 09:23,Done ,2022-09-30 11:43:00,0,56686,41924,261962,64983,0,0,0,Done ,295.52
362,The APP ART,,THEAPP-1496,Feature,Blocker,13.01.2022 01:54,Bullitt|,,19.01.2022 09:22,Done ,2022-09-30 11:43:00,0,56699,41924,261962,64983,0,0,0,Done ,295.53
363,The APP ART,,THEAPP-1495,Feature,Blocker,12.01.2022 23:54,Bullitt|,,13.01.2022 17:12,Done ,2022-09-30 11:43:00,0,56817,72817,231069,64983,0,0,0,Done ,295.62
367,The APP ART,,THEAPP-1484,Feature,Done,21.12.2021 10:12,SPECTRE|,,13.01.2022 12:33,Done ,2022-05-03 13:36:00,0,33260,57590,100871,0,0,0,266468,Done ,133.14
372,The APP ART,,THEAPP-1476,Feature,Done,13.12.2021 11:45,Pikachu|,,13.01.2022 12:34,Done ,2022-10-20 09:58:00,0,63209,49506,335015,0,0,0,21887,Done ,310.92
378,The APP ART,,THEAPP-1469,Feature,Done,06.12.2021 09:44,VICI|,,06.12.2021 16:34,Done ,2022-05-03 11:47:00,0,13354,119324,80564,0,0,0,266577,Done ,148.08
380,The APP ART,,THEAPP-1467,Feature,Done,02.12.2021 12:14,App ART Funnel|BOND|P&S|,,31.03.2022 08:47,Done ,2022-10-18 19:05:00,0,358448,21533,31579,49454,193,0,24219,Done ,320.15
382,The APP ART,,THEAPP-1464,Feature,Funnel,30.11.2021 09:46,Android|App ART Funnel|Backend|Design|iOS|,,31.01.2022 15:14,Done ,2022-01-31 15:14:00,266570,89608,0,0,0,0,0,132280,Done ,62.23
385,The APP ART,,THEAPP-1460,Feature,Done,26.11.2021 15:33,2022|Android|App ART Funnel|Backend|Design|iOS|P&S|Release 2.0|Release 3.0|Release 3.1|Skywalker|Stark|,,27.01.2022 09:33,Done ,2022-08-05 22:32:00,0,146586,0,185215,31494,0,0,130572,Done ,252.29
394,The APP ART,,THEAPP-1448,Feature,Done,17.11.2021 08:43,Greatwall|Lebowski|,,04.07.2022 13:51,Done ,2022-07-04 13:51:00,0,330067,0,0,0,0,0,177174,Done ,229.21
395,The APP ART,,THEAPP-1447,Feature,Done,17.11.2021 08:37,Greatwall|VICI|,,11.07.2022 14:05,Done ,2022-07-11 14:05:00,0,340168,0,0,0,0,0,167080,Done ,236.23
402,The APP ART,,THEAPP-1436,Feature,Done,05.11.2021 15:04,BOND|,,26.11.2021 17:28,Done ,2022-10-18 11:42:00,0,97527,59102,342847,0,0,0,24662,Done ,346.86
410,The APP ART,,THEAPP-1414,Feature,Done,27.10.2021 20:20,App ART Funnel|P&S|Release 2.0|Release 3.0|Release 3.1|Release 3.2|Release 4.0|Skywalker|,,27.10.2021 20:22,Done ,2022-07-13 11:26:00,0,1,349455,22967,0,0,0,164359,Done ,258.63
411,The APP ART,,THEAPP-1406,Feature,Done,25.10.2021 07:36,Greatwall|,,28.10.2021 17:28,Done ,2021-12-14 13:25:00,0,4912,27105,40330,0,0,0,468079,Done ,50.24
412,The APP ART,,THEAPP-1405,Feature,Done,25.10.2021 05:06,Backend|Greatwall|,,28.10.2021 17:28,Done ,2021-12-14 13:25:00,0,5061,27106,40330,0,0,0,468079,Done ,50.35
413,The APP ART,,THEAPP-1404,Feature,Done,25.10.2021 04:52,Backend|Greatwall|,,28.10.2021 17:27,Done ,2021-12-15 04:37:00,0,5074,27107,41242,0,0,0,467167,Done ,50.99
414,The APP ART,,THEAPP-1403,Feature,Done,25.10.2021 04:46,Backend|Greatwall|,,28.10.2021 17:26,Done ,2021-12-14 13:25:00,0,5079,27108,40330,0,0,0,468079,Done ,50.36
426,The APP ART,,THEAPP-1386,Feature,Done,18.10.2021 14:54,App ART Funnel|P&S|Release 3.0|Release 3.1|Stromberg|,,28.10.2021 17:24,Done ,2021-10-28 17:24:00,90463,14550,80617,95721,0,0,0,268716,Done ,132.56
427,The APP ART,,THEAPP-1385,Feature,Done,18.10.2021 14:53,Lebowski|P&S|Release 2.0|Release 3.1|,,18.10.2021 14:55,Done ,2022-07-19 10:52:00,0,2,253530,38906,0,101879,0,155752,Done ,203.08
432,The APP ART,,THEAPP-1376,Feature,Done,14.10.2021 12:37,Lebowski|P&S|Release 3.0|Release 3.1|,,14.10.2021 12:38,Done ,2022-07-19 10:52:00,0,0,152446,150029,0,97737,0,155752,Done ,210.05
433,The APP ART,,THEAPP-1375,Feature,Done,14.10.2021 12:35,Lebowski|P&S|Release 3.0|Release 3.1|Skywalker|,,14.10.2021 12:37,Done ,2022-07-19 10:52:00,0,2,67611,234864,0,97738,0,155752,Done ,210.05
440,The APP ART,,THEAPP-1367,Feature,Done,12.10.2021 20:10,2022|CR|Mario|P&S|,,14.10.2021 20:21,Done ,2022-05-03 13:40:00,0,39980,200456,51492,0,0,0,266464,Done ,202.73
445,The APP ART,,THEAPP-1362,Feature,Done,07.10.2021 15:29,Griffin|P&S|Release 2.0|Release 3.0|Release 3.1|Release 4.0|Skywalker|,,29.03.2022 07:19,Done ,2022-03-29 07:19:00,0,248630,0,0,0,0,0,317245,Done ,172.66
448,The APP ART,,THEAPP-1357,Feature,Done,05.10.2021 16:05,App ART Funnel|P&S|Release 3.0|Release 3.1|Skywalker|,,06.10.2021 11:43,Done ,2021-12-14 13:21:00,0,1177,59121,40335,0,0,0,468083,Done ,69.88
453,The APP ART,,THEAPP-1341,Feature,Done,05.10.2021 14:00,Android|App ART Funnel|C3PO|iOS|,,22.03.2022 13:40,Done ,2022-05-13 10:55:00,0,241900,0,74714,0,0,0,252230,Done ,219.87
454,The APP ART,,THEAPP-1340,Feature,Done,05.10.2021 13:13,Griffin|,,07.10.2021 09:17,Done ,2022-04-05 11:37:00,0,10333,202534,49113,0,0,0,306907,Done ,181.93
461,The APP ART,,THEAPP-1330,Feature,Done,28.09.2021 17:46,VICI|,,29.09.2021 15:36,Done ,2022-02-18 11:51:00,0,41300,31953,37369,94941,0,0,373133,Done ,142.75
464,The APP ART,,THEAPP-1326,Feature,Done,28.09.2021 11:17,BOND|P&S|Release 2.0|Release 3.1|,,14.04.2022 09:59,Done ,2022-10-18 11:40:00,0,344128,40526,73696,96070,0,0,24664,Done ,385.01
465,The APP ART,,THEAPP-1325,Feature,Done,28.09.2021 08:51,Greatwall|Lebowski|,,28.10.2021 16:13,Done ,2022-03-29 12:19:00,0,43642,218646,0,0,0,0,316945,Done ,182.14
467,The APP ART,,THEAPP-1323,Feature,Done,27.09.2021 05:05,App ART Funnel|Greatwall|VICI|,,30.09.2021 08:02,Done ,2021-12-14 13:28:00,0,4659,90722,17440,0,0,0,468076,Done ,78.35
469,The APP ART,,THEAPP-1321,Feature,Done,22.09.2021 09:49,App ART Funnel|CR|VICI|,,29.09.2021 15:35,Done ,2021-11-14 10:08:00,0,47637,11608,17093,0,0,0,511477,Done ,53.01
471,The APP ART,,THEAPP-1319,Feature,Done,21.09.2021 17:13,App ART Funnel|VICI|,,29.09.2021 15:36,Done ,2022-01-24 16:48:00,0,51415,111078,17480,0,0,0,408836,Done ,124.98
472,The APP ART,,THEAPP-1318,Feature,Done,21.09.2021 13:47,App ART Funnel|SPECTRE|VICI|,,19.01.2022 09:51,Done ,2022-05-03 11:48:00,0,182646,53580,86214,0,0,0,266577,Done ,223.92
476,The APP ART,,THEAPP-1314,Feature,Done,16.09.2021 08:08,App ART Funnel|Backend|Griffin|,,31.01.2022 13:56,Done ,2022-01-31 13:56:00,0,197627,0,0,0,0,0,398929,Done ,137.24
490,The APP ART,,THEAPP-1288,Feature,Done,30.08.2021 18:36,Lebowski|Mario|,,08.09.2021 11:45,Done ,2022-05-10 09:46:00,0,15377,136965,211444,0,0,0,256619,Done ,252.63
492,The APP ART,,THEAPP-1286,Feature,Done,26.08.2021 10:41,Greatwall|P&S|Release 1.0|Release 2.0|Release 3.0|Release 3.1|Release 4.0|,,12.04.2022 14:34,Done ,2022-08-10 15:48:00,0,329993,130822,42051,0,0,0,123776,Done ,349.21
494,The APP ART,,THEAPP-1283,Feature,Done,25.08.2021 09:58,App ART Funnel|Greatwall|,,28.10.2021 17:10,Done ,2021-12-08 10:47:00,0,92592,58657,0,0,0,0,476877,Done ,105.03
495,The APP ART,,THEAPP-1282,Feature,Done,25.08.2021 09:56,App ART Funnel|Greatwall|,,28.10.2021 17:10,Done ,2022-06-20 07:54:00,0,92593,58664,279179,0,0,0,197691,Done ,298.91
496,The APP ART,,THEAPP-1281,Feature,Done,25.08.2021 09:53,App ART Funnel|Greatwall|,,28.10.2021 16:59,Done ,2021-12-08 07:52:00,0,92585,58492,0,0,0,0,477053,Done ,104.91
497,The APP ART,,THEAPP-1277,Feature,Done,24.08.2021 14:16,Greatwall|Stromberg|,,08.09.2021 15:16,Done ,2022-02-24 03:37:00,0,93762,102144,68412,0,0,0,364987,Done ,183.55
500,The APP ART,,THEAPP-1274,Feature,Done,24.08.2021 08:50,Greatwall|,,13.01.2022 12:44,Done ,2022-05-24 04:43:00,0,332984,59888,0,0,0,0,236761,Done ,272.83
501,The APP ART,,THEAPP-1273,Feature,Done,23.08.2021 22:08,Greatwall|,,12.04.2022 14:35,Done ,2022-08-10 15:48:00,0,445603,18843,42052,0,0,0,123776,Done ,351.73
510,The APP ART,,THEAPP-1263,Feature,Done,23.08.2021 16:26,Greatwall|,,08.09.2021 15:05,Done ,2022-08-10 15:49:00,0,63076,0,50388,393377,0,0,123776,Done ,351.97
512,The APP ART,,THEAPP-1261,Feature,Done,23.08.2021 15:43,Greatwall|Release 2.0|Release 3.0|Release 3.1|Release 3.2|Release 4.0|,,08.09.2021 15:09,Done ,2022-06-13 08:01:00,0,63119,0,0,359776,0,0,207764,Done ,293.68
519,The APP ART,,THEAPP-1254,Feature,Done,12.08.2021 10:19,Lebowski|,,07.07.2022 09:22,Done ,2022-07-25 12:25:00,0,489786,5,10012,0,0,0,147020,Done ,347.09
520,The APP ART,,THEAPP-1253,Feature,Done,11.08.2021 12:28,App ART Funnel|CR|Lebowski|Mario|P&S|,,11.08.2021 12:33,Done ,2022-04-12 16:26:00,11365,78441,231122,30667,0,0,0,296538,Done ,236.27
521,The APP ART,,THEAPP-1252,Feature,Done,10.08.2021 13:52,App ART Funnel|Lebowski|P&S|Release 2.0|Release 3.0|Release 3.1|Release 4.0|,,10.08.2021 15:05,Done ,2021-09-28 17:43:00,0,72,0,70718,0,0,0,578701,Done ,49.16
522,The APP ART,,THEAPP-1251,Feature,Done,09.08.2021 13:39,App ART Funnel|P&S|Release 3.0|Release 3.1|Skywalker|Stromberg|,,09.08.2021 13:46,Done ,2022-07-13 11:24:00,0,34514,362761,89307,0,0,0,164360,Done ,337.9
523,The APP ART,,THEAPP-1250,Feature,Done,09.08.2021 13:26,App ART Funnel|P&S|Release 3.0|Release 3.1|Skywalker|,,09.08.2021 13:38,Done ,2022-05-31 12:09:00,0,34528,148314,241878,0,0,0,226235,Done ,294.94
524,The APP ART,,THEAPP-1248,Feature,Done,06.08.2021 16:38,Mario|,,26.01.2022 11:35,Done ,2022-01-26 11:35:00,0,248816,0,0,0,0,0,406270,Done ,172.79
525,The APP ART,,THEAPP-1247,Feature,Done,05.08.2021 16:04,App ART Funnel|P&S|Release 3.0|Release 3.1|Skywalker|,,25.08.2021 11:53,Done ,2021-12-14 13:21:00,0,40131,87854,60489,0,0,0,468083,Done ,130.88
526,The APP ART,,THEAPP-1246,Feature,Done,05.08.2021 11:59,App ART Funnel|VICI|,,20.04.2022 14:05,Done ,2022-09-02 14:17:00,0,371646,77983,116427,0,0,0,90747,Done ,393.09
527,The APP ART,,THEAPP-1245,Feature,Done,03.08.2021 12:11,Griffin|Skywalker|,,09.12.2021 08:17,Done ,2022-07-15 07:48:00,0,233060,70591,194324,0,0,0,161696,Done ,345.82
528,The APP ART,,THEAPP-1236,Feature,Done,30.07.2021 13:23,PCS|Pikachu|,,11.10.2021 10:18,Done ,2022-09-23 08:49:00,0,104934,382986,74814,0,41790,0,60835,Done ,390.79
529,The APP ART,,THEAPP-1231,Feature,Done,28.07.2021 13:15,Android|iOS|Mario|P&S|PCS|Pikachu|Release 1.0|Release 2.0|Release 3.0|Release 3.1|Release 3.2|Release 4.0|Stromberg|,,10.08.2021 08:30,Done ,2021-11-30 13:07:00,0,18434,0,161556,0,0,0,488257,Done ,124.99
531,The APP ART,,THEAPP-1224,Feature,Done,26.07.2021 17:24,App ART Funnel|Backend|Griffin|,,10.09.2021 09:43,Done ,2022-10-18 11:33:00,0,92193,171076,382937,0,0,0,24672,Done ,448.75
532,The APP ART,,THEAPP-1223,Feature,Done,26.07.2021 17:18,App ART Funnel|Backend|Release 3.0|Release 3.1|Release 3.2|Stark|,,18.01.2022 15:56,Done ,2022-03-17 16:48:00,0,303553,20110,13265,0,0,0,333957,Done ,233.98
533,The APP ART,,THEAPP-1222,Feature,Done,26.07.2021 16:47,App ART Funnel|Backend|Release 3.0|Release 3.1|Release 3.2|Stark|,,18.01.2022 15:56,Done ,2022-03-17 16:48:00,0,303448,133,33377,0,0,0,333957,Done ,234.0
537,The APP ART,,THEAPP-1218,Feature,Done,23.07.2021 12:21,Greatwall|,,08.09.2021 15:10,Done ,2022-03-02 05:05:00,0,319243,0,0,0,0,0,356260,Done ,221.7
538,The APP ART,,THEAPP-1217,Feature,Done,21.07.2021 16:52,Lebowski|P&S|Release 2.0|Release 3.0|Release 3.1|Release 4.0|,,21.07.2021 17:38,Done ,2021-09-07 13:17:00,0,45,28424,40433,0,0,0,609208,Done ,47.85
540,The APP ART,,THEAPP-1214,Feature,Done,20.07.2021 15:27,App ART Funnel|Greatwall|VICI|,,05.08.2021 16:53,Done ,2022-04-12 11:11:00,0,23125,112006,158089,109635,0,0,276777,Done ,279.76
541,The APP ART,,THEAPP-1213,Feature,Done,20.07.2021 15:26,App ART Funnel|Greatwall|,,05.08.2021 16:53,Done ,2021-12-01 09:56:00,0,23126,97458,171274,20269,0,0,367506,Done ,216.75
542,The APP ART,,THEAPP-1212,Feature,Done,20.07.2021 15:17,App ART Funnel|Greatwall|,,05.08.2021 16:54,Done ,2021-11-26 12:40:00,0,23136,149333,13132,0,0,0,494044,Done ,128.89
543,The APP ART,,THEAPP-1211,Feature,Done,20.07.2021 15:14,App ART Funnel|Greatwall|Griffin|Lebowski|,,08.09.2021 15:15,Done ,2022-03-10 11:38:00,0,103408,90732,129610,11550,0,0,344346,Done ,232.85
544,The APP ART,,THEAPP-1210,Feature,Done,20.07.2021 14:59,App ART Funnel|Greatwall|,,05.08.2021 16:54,Done ,2021-11-26 13:16:00,0,30774,89837,32020,33023,0,0,494008,Done ,128.93
545,The APP ART,,THEAPP-1209,Feature,Done,20.07.2021 14:57,Greatwall|,,28.10.2021 16:51,Done ,2021-12-02 10:47:00,0,144114,27144,22891,0,0,0,485518,Done ,134.83
547,The APP ART,,THEAPP-1207,Feature,Done,20.07.2021 14:20,App ART Funnel|Greatwall|,,05.08.2021 16:55,Done ,2021-12-15 08:46:00,0,23194,97462,55927,36199,0,0,466919,Done ,147.77
551,The APP ART,,THEAPP-1198,Feature,Done,19.07.2021 15:40,App ART Funnel|Greatwall|,,30.08.2021 18:10,Done ,2022-09-22 08:35:00,0,60630,61390,164132,332621,0,0,62289,Done ,429.7
553,The APP ART,,THEAPP-1196,Feature,Done,19.07.2021 07:32,App ART Funnel|Greatwall|,,23.07.2021 12:37,Done ,2022-02-11 08:25:00,0,6064,55014,225568,11484,0,0,383420,Done ,207.03
555,The APP ART,,THEAPP-1193,Feature,Done,15.07.2021 08:35,App ART Funnel|Greatwall|,,05.08.2021 16:51,Done ,2021-10-12 09:23:00,0,30735,97472,0,0,0,0,559041,Done ,89.03
566,The APP ART,,THEAPP-1180,Feature,Done,07.07.2021 10:21,App ART Funnel|Greatwall|,,05.08.2021 16:50,Done ,2021-10-12 10:46:00,0,42148,97475,79,0,0,0,558959,Done ,97.02
567,The APP ART,,THEAPP-1179,Feature,Done,07.07.2021 10:15,App ART Funnel|Greatwall|,,05.08.2021 16:50,Done ,2021-11-26 13:19:00,0,42154,36042,126467,0,0,0,494005,Done ,142.13
571,The APP ART,,THEAPP-1173,Feature,Done,02.07.2021 15:19,App ART Funnel|Greatwall|,,08.09.2021 15:12,Done ,2022-02-08 11:12:00,0,129325,99362,60334,28969,0,0,387572,Done ,220.83
572,The APP ART,,THEAPP-1172,Feature,Done,02.07.2021 15:18,App ART Funnel|Greatwall|,,08.09.2021 15:13,Done ,2022-03-08 11:11:00,0,129324,99371,129617,0,0,0,347253,Done ,248.83
573,The APP ART,,THEAPP-1171,Feature,Done,02.07.2021 15:11,App ART Funnel|Greatwall|Stromberg|,,24.08.2021 11:29,Done ,2022-02-16 04:52:00,0,168551,51504,109084,0,0,0,376432,Done ,228.57
574,The APP ART,,THEAPP-1170,Feature,Done,02.07.2021 14:30,App ART Funnel|Greatwall|Mario|,,15.07.2021 12:13,Done ,2021-11-26 13:23:00,0,49091,97485,65035,0,0,0,494001,Done ,146.95
575,The APP ART,,THEAPP-1169,Feature,Done,02.07.2021 11:35,CR|SPECTRE|VICI|,,07.10.2021 15:51,Done ,2022-04-12 14:14:00,0,139936,198169,50470,20541,0,0,296671,Done ,284.11
576,The APP ART,,THEAPP-1168,Feature,Done,01.07.2021 17:49,App ART Funnel|P&S|Release 3.0|Release 3.1|Stromberg|,,21.07.2021 13:50,Done ,2022-08-05 22:37:00,0,28561,237192,277512,33020,0,0,130567,Done ,400.2
577,The APP ART,,THEAPP-1167,Feature,Backlog,01.07.2021 17:44,App ART Funnel|P&S|Release 3.0|Release 3.1|Stromberg|,,21.07.2021 13:51,Done ,2022-01-31 13:25:00,0,28567,664035,0,0,0,0,14257,Done ,480.97
578,The APP ART,,THEAPP-1165,Feature,Done,01.07.2021 08:54,Android|App ART Funnel|iOS|P&S|Release 1.0|Release 2.0|Release 3.0|Release 3.1|Release 3.2|Stromberg|,,28.09.2021 16:35,Done ,2021-09-28 16:35:00,0,128621,0,0,0,0,0,578769,Done ,89.32
580,The APP ART,,THEAPP-1162,Feature,Done,30.06.2021 16:28,App ART Funnel|P&S|Release 3.0|Release 3.1|Stromberg|,,21.07.2021 13:51,Done ,2021-08-19 11:03:00,0,30083,41591,0,0,0,0,636701,Done ,49.77
581,The APP ART,,THEAPP-1161,Feature,Done,30.06.2021 10:57,App ART Funnel|P&S|Release 3.0|Release 3.1|Stromberg|,,21.07.2021 13:52,Done ,2022-05-12 12:17:00,0,30415,194130,230572,0,0,0,253588,Done ,316.05
582,The APP ART,,THEAPP-1160,Feature,Done,30.06.2021 07:50,App ART Funnel|Greatwall|SPECTRE|,,30.06.2021 16:04,Done ,2022-07-06 15:27:00,0,72302,77555,242542,142292,0,0,174198,Done ,371.31
583,The APP ART,,THEAPP-1159,Feature,Done,29.06.2021 07:36,App ART Funnel|Greatwall|Griffin|Lebowski|,,23.07.2021 12:37,Done ,2021-11-26 12:37:00,0,34860,55014,126425,0,0,0,494048,Done ,150.21
592,The APP ART,,THEAPP-1142,Feature,Done,16.06.2021 09:35,Android|App ART Funnel|Backend|iOS|Mario|P&S|Release 3.0|Release 3.1|Release 3.2|Release 4.0|,,25.05.2022 10:46,Done ,2022-05-25 10:46:00,0,493990,0,0,0,0,0,234959,Done ,343.05
593,The APP ART,,THEAPP-1140,Feature,Done,15.06.2021 11:30,Android|App ART Funnel|Backend|Griffin|iOS|Lebowski|P&S|VICI|,,23.06.2021 15:39,Done ,2021-11-30 13:08:00,0,30669,90380,120967,0,0,0,488256,Done ,168.07
595,The APP ART,,THEAPP-1136,Feature,Completed,09.06.2021 11:32,App ART Funnel|Griffin|P&S|Release 3.0|Release 3.1|Stromberg|,,21.07.2021 13:53,Done ,2022-01-12 17:18:00,0,69691,67198,102652,0,426086,0,73278,Done ,166.35
596,The APP ART,,THEAPP-1135,Feature,Done,08.06.2021 10:47,App ART Funnel|CR|Lebowski|P&S|VICI|,,23.09.2021 16:19,Done ,2022-03-18 15:33:00,0,191027,37921,178854,0,0,0,332591,Done ,283.2
601,The APP ART,,THEAPP-1126,Feature,Done,26.05.2021 18:14,Android|App ART Funnel|Backend|iOS|Release 3.1|Stark|,,04.08.2021 15:48,Done ,2022-03-17 16:47:00,0,100654,149431,154283,20342,0,0,333957,Done ,294.94
603,The APP ART,,THEAPP-1122,Feature,Done,20.05.2021 11:29,Greatwall|Griffin|P&S|,,30.06.2021 15:37,Done ,2022-02-09 12:57:00,0,190342,70408,120936,0,0,0,386027,Done ,265.06
609,The APP ART,,THEAPP-1114,Feature,Done,17.05.2021 15:05,P&S|Skywalker|,,17.05.2021 15:44,Done ,2021-09-29 14:15:00,0,64533,57496,65061,0,7256,0,577470,Done ,129.92
610,The APP ART,,THEAPP-1111,Feature,Done,11.05.2021 16:55,App ART Funnel|P&S|Release 2.0|Release 3.0|Release 3.1|Release 3.2|Release 4.0|Skywalker|,,08.10.2021 16:49,Done ,2022-07-18 10:48:00,0,220304,378701,24146,0,0,0,157196,Done ,432.74
611,The APP ART,,THEAPP-1110,Feature,Done,11.05.2021 16:27,Greatwall|Griffin|P&S|,,18.05.2021 12:06,Done ,2021-10-19 13:05:00,0,9819,80725,141092,0,0,0,548740,Done ,160.86
613,The APP ART,,THEAPP-1101,Feature,Done,07.05.2021 15:57,Stark|,,30.06.2021 14:27,Done ,2022-08-01 12:31:00,0,77670,461978,109583,0,0,0,136934,Done ,450.85
626,The APP ART,,THEAPP-1072,Feature,Done,06.05.2021 14:14,Pikachu|Release 3.0|Release 3.1|Release 4.0|,,31.01.2022 13:26,Done ,2022-01-31 13:26:00,0,388751,0,0,0,0,0,398958,Done ,269.97
629,The APP ART,,THEAPP-1035,Feature,Done,05.05.2021 13:51,CR|Lebowski|P&S|,,30.06.2021 15:45,Done ,2021-10-12 18:59:00,0,92035,122266,16404,0,0,0,558465,Done ,160.21
632,The APP ART,,THEAPP-1032,Feature,Done,05.05.2021 08:49,App ART Funnel|CR|P&S|Release 1.0|Release 2.0|Release 3.0|Release 3.1|Release 3.2|Release 4.0|,,05.05.2021 14:26,Done ,2021-07-15 14:12:00,0,337,79090,23135,0,0,0,686912,Done ,71.22
638,The APP ART,,THEAPP-914,Feature,Done,29.04.2021 15:56,Griffin|Mario|P&S|,,29.04.2021 16:02,Done ,2021-10-12 16:07:00,0,5,148159,90884,0,0,0,558638,Done ,166.01
639,The APP ART,,THEAPP-907,Feature,Done,29.04.2021 09:14,App ART Funnel|Greatwall|P&S|Release 3.0|Release 3.1|,,19.05.2021 15:16,Done ,2022-03-25 02:57:00,81874,89680,258857,44118,291,0,0,323267,Done ,272.88
640,The APP ART,,THEAPP-890,Feature,Done,28.04.2021 17:06,App ART Funnel|Backend|P&S|Release 3.1|Release 3.2|,,05.05.2021 15:38,Done ,2021-09-29 10:40:00,0,9992,77528,133853,0,0,0,577684,Done ,153.73
642,The APP ART,,THEAPP-853,Feature,Done,27.04.2021 11:33,App ART Funnel|Griffin|P&S|Release 3.0|Release 3.1|Skywalker|,,27.04.2021 11:35,Done ,2021-08-24 12:57:00,0,29032,71724,70685,0,0,0,629388,Done ,119.06
644,The APP ART,,THEAPP-784,Feature,Done,23.04.2021 17:03,,,10.05.2021 15:29,Done ,2021-05-10 15:29:00,0,24385,0,0,0,0,0,781876,Done ,16.93
646,The APP ART,,THEAPP-764,Feature,Done,23.04.2021 10:56,CR|VICI|,,23.04.2021 10:57,Done ,2021-07-27 13:33:00,0,0,66869,70086,0,0,0,669671,Done ,95.11
648,The APP ART,,THEAPP-758,Feature,Done,22.04.2021 15:15,App ART Funnel|CR|Lebowski|P&S|VICI|,,23.04.2021 08:34,Done ,2021-10-05 13:16:00,0,1039,157131,141217,0,0,0,508419,Done ,207.91
650,The APP ART,,THEAPP-756,Feature,Done,22.04.2021 14:19,CR|P&S|,,22.04.2021 16:33,Done ,2021-07-08 16:55:00,0,1181,56245,42033,11572,0,0,696829,Done ,77.1
651,The APP ART,,THEAPP-755,Feature,Done,22.04.2021 13:43,App ART Funnel|CR|P&S|VICI|,,22.04.2021 14:27,Done ,2021-08-24 07:51:00,2,44,68096,110064,0,0,0,629693,Done ,123.75
652,The APP ART,,THEAPP-754,Feature,Done,22.04.2021 09:48,App ART Funnel|P&S|PCS|Release 1.0|Release 2.0|Release 3.0|Release 3.1|Release 3.2|Release 4.0|,,07.05.2021 14:55,Done ,2021-09-09 10:17:00,0,21906,15615,164106,0,0,0,606507,Done ,140.02
654,The APP ART,,THEAPP-748,Feature,Done,21.04.2021 12:07,App ART Funnel|P&S|Release 3.0|Release 3.1|Stromberg|,,23.06.2021 15:55,Done ,2022-05-31 11:13:00,0,131052,103536,348557,0,0,0,226292,Done ,404.96
655,The APP ART,,THEAPP-745,Feature,Done,20.04.2021 17:41,Lebowski|P&S|Release 2.0|Release 3.1|,,30.06.2021 16:14,Done ,2022-07-19 10:52:00,80759,143789,97638,230723,0,101879,0,155752,Done ,327.88
656,The APP ART,,THEAPP-744,Feature,Done,19.04.2021 12:51,App ART Funnel|CR|Release 1.0|Release 2.0|Release 3.0|Release 3.1|Release 3.2|Release 4.0|,,20.04.2021 15:50,Done ,2021-06-23 20:47:00,0,1618,60321,32135,0,0,0,718197,Done ,65.33
663,The APP ART,,THEAPP-706,Feature,Done,15.04.2021 16:55,App ART Funnel|Griffin|Lebowski|P&S|Release 3.0|Release 3.1|,,07.05.2021 14:55,Done ,2021-09-29 10:38:00,0,31559,76182,93429,38930,0,0,577687,Done ,166.74
665,The APP ART,,THEAPP-704,Feature,Done,15.04.2021 09:23,Lebowski|P&S|Release 1.0|Release 2.0|Release 3.0|Release 3.1|SPECTRE|,,09.12.2021 08:17,Done ,2022-08-05 09:29:00,0,352736,219181,73513,40164,1288,0,131355,Done ,476.11
666,The APP ART,,THEAPP-703,Feature,Done,15.04.2021 09:17,P&S|Release 1.0|Release 2.0|Release 3.0|Release 3.1|,,19.04.2021 09:40,Done ,2021-07-21 10:07:00,0,8961,38668,92098,0,0,0,678518,Done ,97.03
667,The APP ART,,THEAPP-702,Feature,Done,15.04.2021 09:11,P&S|Release 1.0|Release 2.0|Release 3.0|Release 3.1|,,19.04.2021 09:41,Done ,2021-07-21 10:07:00,0,8967,38667,92099,0,0,0,678517,Done ,97.04
668,The APP ART,,THEAPP-701,Feature,Done,15.04.2021 09:04,P&S|Release 1.0|Release 2.0|Release 3.0|Release 3.1|,,19.04.2021 09:41,Done ,2021-07-21 10:07:00,0,8975,38667,92099,0,0,0,678517,Done ,97.04
669,The APP ART,,THEAPP-693,Feature,Done,14.04.2021 08:49,App ART Funnel|Griffin|P&S|Release 2.0|Release 3.0|Release 3.1|Release 4.0|Stark|,,23.06.2021 15:57,Done ,2022-08-05 22:28:00,0,120149,271564,297424,0,0,0,130576,Done ,478.57
672,The APP ART,,THEAPP-619,Feature,Done,08.04.2021 11:19,CR|Griffin|Mario|P&S|,,08.04.2021 13:07,Done ,2021-07-06 08:56:00,0,18919,108158,938,0,0,0,700188,Done ,88.9
677,The APP ART,,THEAPP-591,Feature,Done,25.03.2021 10:26,App ART Funnel|CR|VICI|,,23.02.2022 16:06,Done ,2022-09-02 14:16:00,0,563140,78101,116426,0,0,0,90749,Done ,526.16
678,The APP ART,,THEAPP-589,Feature,Done,23.03.2021 18:47,App ART Funnel|CR|P&S|PCS|VICI|,,26.03.2021 12:49,Done ,2021-08-10 13:12:00,0,61646,38818,100799,0,0,0,649533,Done ,139.77
681,The APP ART,,THEAPP-584,Feature,Completed,23.03.2021 11:27,App ART Funnel|P&S|Release 3.0|Release 3.1|Stromberg|,,07.04.2021 14:12,Done ,2021-12-21 11:46:00,0,41963,119443,231408,0,458098,0,321,Done ,272.79
682,The APP ART,,THEAPP-583,Feature,Completed,23.03.2021 11:14,App ART Funnel|P&S|Release 3.0|Release 3.1|,,07.04.2021 14:12,Done ,2021-12-21 11:46:00,0,41977,70719,280124,0,458098,0,329,Done ,272.79
684,The APP ART,,THEAPP-572,Feature,Done,12.03.2021 10:29,App ART Funnel|Backend|CR|Griffin|P&S|,,21.04.2021 16:19,Done ,2021-08-24 13:13:00,0,57949,99170,80643,0,0,0,629372,Done ,165.11
687,The APP ART,,THEAPP-540,Feature,Done,01.03.2021 19:15,App ART Funnel|P&S|Release 3.0|Release 3.1|,,01.03.2021 19:16,Done ,2021-08-24 12:57:00,0,1,123250,129809,0,0,0,629387,Done ,175.74
693,The APP ART,,THEAPP-517,Feature,Done,05.02.2021 13:56,App ART Funnel|P&S|Release 3.0|Release 3.1|,,05.02.2021 14:07,Done ,2021-08-24 12:57:00,20120,87454,79493,100870,0,0,0,629387,Done ,185.98
694,The APP ART,,THEAPP-516,Feature,Done,05.02.2021 13:34,App ART Funnel|P&S|Release 3.0|Release 3.1|,,05.02.2021 14:07,Done ,2021-08-24 12:57:00,20119,48794,89237,129809,0,0,0,629387,Done ,186.0
696,The APP ART,,THEAPP-514,Feature,Done,04.02.2021 14:52,App ART Funnel|P&S|Release 3.0|Release 3.1|,,04.02.2021 14:59,Done ,2021-08-24 12:57:00,20120,58469,80924,129809,0,0,0,629387,Done ,186.95
697,The APP ART,,THEAPP-513,Feature,Done,04.02.2021 14:33,App ART Funnel|P&S|Release 3.0|Release 3.1|,,04.02.2021 14:49,Done ,2021-08-24 12:58:00,20120,52668,86744,129809,0,0,0,629387,Done ,186.96
698,The APP ART,,THEAPP-512,Feature,Done,04.02.2021 14:11,App ART Funnel|P&S|Release 3.0|Release 3.1|,,04.02.2021 14:32,Done ,2021-04-28 09:51:00,0,11565,55827,50686,1179,0,0,799493,Done ,82.82
700,The APP ART,,THEAPP-503,Feature,Done,27.01.2021 12:26,App ART Funnel|PCS|,,27.01.2021 12:29,Done ,2021-08-10 08:27:00,1,4,52012,228541,0,0,0,649817,Done ,194.83
702,The APP ART,,THEAPP-500,Feature,Done,22.01.2021 10:03,Android|App ART Funnel|Backend|CR|iOS|VICI|,,01.07.2021 16:01,Done ,2021-10-05 13:18:00,0,260801,47553,60479,0,0,0,568886,Done ,256.13
703,The APP ART,,THEAPP-499,Feature,Done,21.01.2021 16:54,App ART Funnel|CR|Lebowski|P&S|Skywalker|,,22.01.2021 10:30,Done ,2021-11-22 18:07:00,0,17129,422143,0,0,0,0,499477,Done ,305.05
704,The APP ART,,THEAPP-498,Feature,Done,21.01.2021 16:13,App ART Funnel|CR|P&S|,,22.01.2021 10:31,Done ,2021-04-14 14:14:00,0,17167,30170,72061,0,0,0,819391,Done ,82.92
705,The APP ART,,THEAPP-497,Feature,Done,21.01.2021 14:49,CR|Lebowski|VICI|,,21.01.2021 14:49,Done ,2021-11-02 13:36:00,0,8556,300953,100817,0,0,0,528548,Done ,284.95
707,The APP ART,,THEAPP-480,Feature,Done,12.01.2021 18:13,App ART Funnel|P&S|Release 1.0|Release 2.0|Release 3.0|Release 3.1|Release 4.0|,,09.02.2021 14:44,Done ,2021-05-05 15:12:00,0,40112,94684,27741,0,0,0,789092,Done ,112.87
708,The APP ART,,THEAPP-478,Feature,Done,17.12.2020 11:05,App ART Funnel|P&S|Release 3.0|Release 3.1|,,20.01.2021 15:47,Done ,2021-10-06 15:22:00,0,282602,0,139573,0,0,0,567323,Done ,293.18
710,The APP ART,,THEAPP-470,Feature,Done,07.12.2020 15:07,CR|P&S|,,09.12.2020 09:55,Done ,2021-05-06 19:04:00,0,2567,0,213668,0,0,0,787420,Done ,150.16
712,The APP ART,,THEAPP-468,Feature,Done,07.12.2020 13:52,CR|Lebowski|VICI|,,14.01.2021 12:22,Done ,2021-11-02 13:36:00,0,73413,300952,100816,0,0,0,528549,Done ,329.99
717,The APP ART,,THEAPP-462,Feature,Done,03.12.2020 18:28,Lebowski|P&S|Release 3.0|Release 3.1|Skywalker|,,20.01.2021 15:32,Done ,2022-07-12 10:14:00,116992,284462,119403,322484,0,0,0,165871,Done ,504.41
718,The APP ART,,THEAPP-461,Feature,Done,03.12.2020 14:50,P&S|Release 1.0|Release 2.0|Release 3.0|,,15.12.2020 13:35,Done ,2021-08-24 12:58:00,0,17204,50210,312631,0,0,0,629387,Done ,263.92
719,The APP ART,,THEAPP-460,Feature,Done,03.12.2020 14:15,App ART Funnel|P&S|Release 3.1|Release 4.0|,,20.01.2021 15:14,Done ,2021-04-22 14:37:00,0,110666,10406,70698,9848,0,0,807848,Done ,140.01
720,The APP ART,,THEAPP-457,Feature,Done,20.11.2020 17:16,CR|,,20.11.2020 17:19,Done ,2021-02-08 09:48:00,0,3,17117,97631,0,0,0,913256,Done ,79.69
721,The APP ART,,THEAPP-455,Feature,Done,19.11.2020 17:16,P&S|Release 1.0|Release 2.0|Release 3.0|,,19.11.2020 19:08,Done ,2021-05-05 15:08:00,0,112,86215,154023,0,0,0,789097,Done ,166.91
722,The APP ART,,THEAPP-454,Feature,Done,19.11.2020 16:19,CR|P&S|,,23.11.2020 12:17,Done ,2020-12-14 15:47:00,0,6963,19044,9958,0,0,0,993538,Done ,24.98
725,The APP ART,,THEAPP-451,Feature,Done,17.11.2020 15:17,App ART Funnel|Backend|CR|VICI|,,27.01.2021 13:27,Done ,2021-10-06 16:20:00,0,223353,58762,142750,40314,0,0,567265,Done ,323.04
728,The APP ART,,THEAPP-448,Feature,Done,17.11.2020 09:29,App ART Funnel|P&S|Release 3.1|,,10.02.2021 17:55,Done ,2021-09-09 10:17:00,0,184474,28895,212918,0,0,0,606507,Done ,296.03
735,The APP ART,,THEAPP-441,Feature,Completed,17.11.2020 09:04,App ART Funnel|P&S|Release 3.1|Release 3.2|Release 4.0|Stromberg|,,21.07.2021 13:33,Done ,2021-12-14 10:28:00,0,354508,89174,116400,75,468256,0,4401,Done ,389.0
737,The APP ART,,THEAPP-438,Feature,Done,16.11.2020 20:07,App ART Funnel|P&S|Release 4.0|,,10.02.2021 19:20,Done ,2021-04-23 10:12:00,0,123793,0,103132,0,0,0,806672,Done ,157.59
744,The APP ART,,THEAPP-431,Feature,Done,16.11.2020 20:07,App ART Funnel|P&S|Release 4.0|,,10.02.2021 18:45,Done ,2021-04-23 10:10:00,0,123758,0,103164,0,0,0,806674,Done ,157.58
745,The APP ART,,THEAPP-430,Feature,Done,16.11.2020 20:07,App ART Funnel|P&S|Release 4.0|,,10.02.2021 18:45,Done ,2021-04-23 10:11:00,0,123758,0,103166,0,0,0,806673,Done ,157.59
749,The APP ART,,THEAPP-426,Feature,Done,16.11.2020 20:07,App ART Funnel|P&S|Release 4.0|,,10.02.2021 19:10,Done ,2021-02-10 19:10:00,0,123783,0,0,0,0,0,909814,Done ,85.96
750,The APP ART,,THEAPP-425,Feature,Done,16.11.2020 20:07,App ART Funnel|P&S|Release 4.0|,,10.02.2021 19:11,Done ,2021-06-11 16:27:00,0,123783,0,174076,0,0,0,735737,Done ,206.85
755,The APP ART,,THEAPP-420,Feature,Done,16.11.2020 20:07,App ART Funnel|P&S|Release 4.0|,,10.02.2021 18:45,Done ,2021-04-23 10:09:00,0,123758,0,103164,0,0,0,806675,Done ,157.58
758,The APP ART,,THEAPP-417,Feature,Done,16.11.2020 20:07,App ART Funnel|P&S|Release 4.0|,,10.02.2021 18:46,Done ,2021-06-11 16:25:00,0,123759,0,174098,0,0,0,735739,Done ,206.85
759,The APP ART,,THEAPP-416,Feature,Done,16.11.2020 20:07,App ART Funnel|P&S|Release 4.0|,,10.02.2021 19:09,Done ,2021-06-11 16:26:00,0,123782,0,174076,0,0,0,735739,Done ,206.85
764,The APP ART,,THEAPP-410,Feature,Done,16.11.2020 20:07,App ART Funnel|P&S|Release 4.0|,,10.02.2021 18:45,Done ,2021-04-23 10:12:00,0,123758,0,103166,0,0,0,806673,Done ,157.59
765,The APP ART,,THEAPP-409,Feature,Done,16.11.2020 20:07,App ART Funnel|P&S|Release 4.0|,,10.02.2021 19:13,Done ,2021-06-11 16:32:00,0,123786,0,174078,0,0,0,735733,Done ,206.85
766,The APP ART,,THEAPP-408,Feature,Done,16.11.2020 20:07,App ART Funnel|P&S|Release 4.0|,,10.02.2021 19:11,Done ,2021-04-23 10:13:00,0,123784,0,103141,0,0,0,806672,Done ,157.59
778,The APP ART,,THEAPP-394,Feature,Done,16.11.2020 12:06,App ART Funnel|P&S|Release 3.1|,,10.02.2021 18:37,Done ,2021-04-09 13:42:00,0,124231,0,78872,4351,0,0,826623,Done ,144.07
782,The APP ART,,THEAPP-390,Feature,Done,16.11.2020 12:00,App ART Funnel|P&S|Release 3.1|,,10.02.2021 18:37,Done ,2021-04-16 09:13:00,0,124237,0,93035,0,0,0,816811,Done ,150.88
784,The APP ART,,THEAPP-388,Feature,Done,16.11.2020 11:57,App ART Funnel|P&S|Release 3.1|,,10.02.2021 18:31,Done ,2021-04-22 14:33:00,0,124233,0,102001,0,0,0,807852,Done ,157.11
785,The APP ART,,THEAPP-387,Feature,Done,16.11.2020 11:56,App ART Funnel|P&S|Release 3.1|,,10.02.2021 18:31,Done ,2021-03-08 13:10:00,0,124235,0,37118,0,0,0,872735,Done ,112.05
787,The APP ART,,THEAPP-384,Feature,Done,16.11.2020 11:49,App ART Funnel|P&S|Release 3.1|,,10.02.2021 18:18,Done ,2021-03-12 10:10:00,0,124228,0,42712,0,0,0,867154,Done ,115.93
788,The APP ART,,THEAPP-383,Feature,Done,16.11.2020 11:48,App ART Funnel|P&S|Release 3.1|,,10.02.2021 18:26,Done ,2021-04-09 13:30:00,0,124237,0,83224,0,0,0,826634,Done ,144.07
789,The APP ART,,THEAPP-382,Feature,Done,16.11.2020 11:47,App ART Funnel|P&S|Release 3.1|,,10.02.2021 18:31,Done ,2021-04-09 13:26:00,0,124244,0,83215,0,0,0,826638,Done ,144.07
790,The APP ART,,THEAPP-381,Feature,Done,16.11.2020 11:45,App ART Funnel|P&S|Release 3.1|,,10.02.2021 18:38,Done ,2021-04-09 13:23:00,0,124252,0,83205,0,0,0,826641,Done ,144.07
791,The APP ART,,THEAPP-380,Feature,Done,16.11.2020 11:44,App ART Funnel|P&S|Release 3.1|,,10.02.2021 18:31,Done ,2021-03-12 10:07:00,0,124246,0,42696,0,0,0,867157,Done ,115.93
792,The APP ART,,THEAPP-379,Feature,Done,16.11.2020 11:41,App ART Funnel|P&S|Release 3.1|,,10.02.2021 18:12,Done ,2021-03-12 10:04:00,0,124231,0,42711,0,0,0,867160,Done ,115.93
793,The APP ART,,THEAPP-378,Feature,Done,16.11.2020 11:40,App ART Funnel|P&S|Release 3.1|,,10.02.2021 18:24,Done ,2021-03-19 13:38:00,0,124243,0,52994,0,0,0,856866,Done ,123.08
794,The APP ART,,THEAPP-377,Feature,Done,16.11.2020 11:40,App ART Funnel|P&S|Release 3.1|,,10.02.2021 18:12,Done ,2021-02-10 18:12:00,0,124232,0,0,0,0,0,909872,Done ,86.27
795,The APP ART,,THEAPP-376,Feature,Done,16.11.2020 11:39,App ART Funnel|P&S|Release 3.1|,,10.02.2021 18:11,Done ,2021-03-12 10:06:00,0,124232,0,42714,0,0,0,867158,Done ,115.93
796,The APP ART,,THEAPP-375,Feature,Done,16.11.2020 11:22,App ART Funnel|P&S|Release 3.1|,,10.02.2021 18:35,Done ,2021-04-09 13:21:00,0,124273,0,83206,0,0,0,826643,Done ,144.08
797,The APP ART,,THEAPP-374,Feature,Done,16.11.2020 11:00,App ART Funnel|P&S|Release 3.1|,,10.02.2021 18:25,Done ,2021-03-03 14:37:00,0,124284,0,30012,0,0,0,879847,Done ,107.15
798,The APP ART,,THEAPP-373,Feature,Done,16.11.2020 11:00,App ART Funnel|P&S|Release 3.1|,,10.02.2021 18:25,Done ,2021-04-22 14:28:00,0,124284,0,102003,0,0,0,807857,Done ,157.14
799,The APP ART,,THEAPP-372,Feature,Done,16.11.2020 10:59,App ART Funnel|P&S|Release 3.1|,,10.02.2021 18:25,Done ,2021-03-19 11:25:00,0,124285,0,52860,0,0,0,856999,Done ,123.02
801,The APP ART,,THEAPP-369,Feature,Done,16.11.2020 07:34,App ART Funnel|PCS|Pikachu|,,25.02.2022 10:25,Done ,2022-02-25 10:25:00,0,671210,0,0,0,0,0,363139,Done ,466.12
803,The APP ART,,THEAPP-366,Feature,Done,13.11.2020 17:16,App ART Funnel|PCS|Pikachu|VICI|,,28.09.2021 09:33,Done ,2022-02-04 14:18:00,0,502518,45964,96459,0,0,0,393146,Done ,447.88
805,The APP ART,,THEAPP-363,Feature,Done,13.11.2020 17:01,App ART Funnel|PCS|Pikachu|,,22.07.2021 12:30,Done ,2022-05-17 13:03:00,0,366736,41960,383064,0,0,0,246342,Done ,549.83
806,The APP ART,,THEAPP-362,Feature,Done,13.11.2020 16:47,App ART Funnel|PCS|Pikachu|,,20.04.2021 15:57,Done ,2021-12-14 11:07:00,0,338700,110373,120823,0,0,0,468217,Done ,395.76
807,The APP ART,,THEAPP-361,Feature,Done,13.11.2020 16:42,App ART Funnel|PCS|Pikachu|,,28.03.2022 15:09,Done ,2022-03-28 15:09:00,0,719907,0,0,0,0,0,318216,Done ,499.94
808,The APP ART,,THEAPP-360,Feature,Done,13.11.2020 16:38,App ART Funnel|PCS|Pikachu|,,07.03.2022 09:59,Done ,2022-03-07 09:59:00,0,689361,0,0,0,0,0,348765,Done ,478.72
809,The APP ART,,THEAPP-359,Feature,Done,13.11.2020 13:47,App ART Funnel|PCS|Pikachu|,,25.02.2022 10:26,Done ,2022-02-25 10:26:00,0,675158,0,0,0,0,0,363139,Done ,468.86
813,The APP ART,,THEAPP-355,Feature,Done,13.11.2020 12:59,App ART Funnel|PCS|,,22.01.2021 10:56,Done ,2021-10-22 09:07:00,0,126456,201869,165360,0,0,0,544658,Done ,342.84
814,The APP ART,,THEAPP-354,Feature,Done,13.11.2020 12:44,App ART Funnel|PCS|,,22.01.2021 10:56,Done ,2021-08-10 08:27:00,0,116715,43288,228539,0,0,0,649817,Done ,269.82
815,The APP ART,,THEAPP-352,Feature,Done,12.11.2020 11:36,App ART Funnel|CR|VICI|,,16.03.2021 10:52,Done ,2021-07-08 07:18:00,31124,199660,69343,42332,0,0,0,697406,Done ,216.2
820,The APP ART,,THEAPP-343,Feature,Done,06.11.2020 11:08,P&S|,,06.11.2020 11:08,Done ,2021-04-27 16:12:00,17611,0,63310,38971,128089,0,0,800553,Done ,159.98
823,The APP ART,,THEAPP-338,Feature,Done,04.11.2020 12:58,P&S|Release 1.0|Release 2.0|Release 3.1|,,23.11.2020 11:44,Done ,2021-07-20 17:02:00,0,45765,114095,211900,0,0,0,679542,Done ,258.17
824,The APP ART,,THEAPP-337,Feature,Done,04.11.2020 12:10,App ART Funnel|P&S|PCS|,,10.02.2021 18:15,Done ,2021-08-24 12:58:00,0,158272,14725,248968,0,0,0,629386,Done ,293.03
827,The APP ART,,THEAPP-334,Feature,Done,28.10.2020 16:27,CR|,,02.11.2020 11:39,Done ,2021-04-27 15:56:00,0,6912,175903,77792,0,0,0,800568,Done ,180.98
828,The APP ART,,THEAPP-333,Feature,Done,28.10.2020 16:24,CR|,,02.11.2020 11:41,Done ,2021-06-08 10:52:00,0,6916,175911,137958,0,0,0,740393,Done ,222.77
831,The APP ART,,THEAPP-330,Feature,Done,27.10.2020 09:26,CR|,,27.10.2020 09:27,Done ,2020-11-20 17:13:00,0,0,0,35026,0,0,0,1028012,Done ,24.32
832,The APP ART,,THEAPP-329,Feature,Done,27.10.2020 09:26,CR|,,27.10.2020 09:26,Done ,2020-10-28 10:33:00,0,0,0,1506,0,0,0,1061531,Done ,1.05
833,The APP ART,,THEAPP-328,Feature,Done,27.10.2020 09:25,CR|,,27.10.2020 09:26,Done ,2020-11-20 17:05:00,0,0,0,35018,0,0,0,1028019,Done ,24.32
834,The APP ART,,THEAPP-327,Feature,Done,27.10.2020 09:24,CR|,,27.10.2020 09:25,Done ,2021-02-12 09:45:00,0,0,0,131262,0,24278,0,907499,Done ,91.15
835,The APP ART,,THEAPP-326,Feature,Done,27.10.2020 09:17,CR|,,27.10.2020 09:24,Done ,2021-03-23 14:10:00,0,7,122480,89484,0,0,0,851074,Done ,147.2
836,The APP ART,,THEAPP-325,Feature,Done,27.10.2020 09:15,CR|,,27.10.2020 09:15,Done ,2021-03-02 19:02:00,0,0,0,182026,0,0,0,881023,Done ,126.41
837,The APP ART,,THEAPP-324,Feature,Done,27.10.2020 09:12,CR|,,27.10.2020 09:14,Done ,2020-11-20 17:05:00,0,1,0,35030,0,0,0,1028020,Done ,24.33
841,The APP ART,,THEAPP-315,Feature,Done,21.10.2020 17:32,App ART Funnel|P&S|Release 1.0|Release 2.0|Release 3.0|Release 3.1|,,20.01.2021 15:29,Done ,2021-05-05 15:18:00,0,149517,29001,65153,38432,0,0,789086,Done ,195.9
844,The APP ART,,THEAPP-311,Feature,Done,20.10.2020 13:57,P&S|,,13.11.2020 08:55,Done ,2021-05-18 13:21:00,0,34259,178878,89226,0,0,0,770483,Done ,209.97
845,The APP ART,,THEAPP-310,Feature,Done,19.10.2020 09:34,Griffin|Mario|P&S|,,13.11.2020 08:57,Done ,2021-11-30 13:27:00,0,418004,87661,80644,0,0,0,488238,Done ,407.16
849,The APP ART,,THEAPP-303,Feature,Done,15.10.2020 09:20,P&S|Release 1.0|Release 2.0|Release 3.0|Release 3.1|Release 4.0|,,03.11.2020 20:23,Done ,2021-09-29 10:31:00,0,28023,159627,284833,30145,0,0,577693,Done ,349.05
851,The APP ART,,THEAPP-292,Feature,Done,13.10.2020 18:15,P&S|,,13.10.2020 18:15,Done ,2020-11-16 10:38:00,0,0,0,21435,0,27067,0,1034167,Done ,14.89
854,The APP ART,,THEAPP-286,Feature,Done,12.10.2020 15:37,CR|,,12.10.2020 15:37,Done ,2021-06-14 13:51:00,0,1416,332518,18758,0,0,0,731574,Done ,244.92
855,The APP ART,,THEAPP-285,Feature,Done,12.10.2020 15:37,CR|,,12.10.2020 15:37,Done ,2021-06-08 10:56:00,0,1459,204447,137972,0,0,0,740389,Done ,238.8
856,The APP ART,,THEAPP-284,Feature,Done,12.10.2020 15:35,CR|,,12.10.2020 15:35,Done ,2021-04-14 14:42:00,0,30004,173248,61653,0,0,0,819363,Done ,183.96
858,The APP ART,,THEAPP-267,Feature,Done,06.10.2020 16:18,PCS|,,06.10.2020 16:19,Done ,2021-02-15 16:55:00,0,1,0,190114,0,0,0,902750,Done ,132.02
874,The APP ART,,THEAPP-220,Feature,Done,04.08.2020 20:25,P&S|Release 1.0|Release 2.0|Release 3.0|Release 3.1|Release 4.0|,,14.09.2020 15:59,Done ,2021-02-17 17:07:00,100544,58773,76478,47684,0,0,0,899857,Done ,127.04
883,The APP ART,,THEAPP-206,Feature,Done,28.08.2020 15:51,App ART Funnel|Backend|Griffin|P&S|Release 4.0|,,14.09.2020 15:59,Done ,2022-05-12 08:59:00,437532,54986,69039,96180,237528,0,0,253785,Done ,317.87
884,The APP ART,,THEAPP-205,Feature,Done,17.06.2020 09:54,CR|,,14.09.2020 15:59,Done ,2020-12-14 08:50:00,99156,128525,25741,5709,0,0,0,993954,Done ,111.09
885,The APP ART,,THEAPP-204,Feature,Done,21.04.2020 13:59,App ART Funnel|P&S|Release 2.0|,,14.09.2020 15:59,Done ,2021-04-27 10:51:00,214668,210360,38598,70424,0,0,0,800873,Done ,221.79
886,The APP ART,,THEAPP-203,Feature,Done,24.02.2020 18:46,PCS|Pikachu|,,24.02.2020 19:01,Done ,2022-03-28 12:20:00,1098319,14,0,0,0,0,0,318384,Done ,0.01
890,The APP ART,,THEAPP-198,Feature,Done,14.04.2020 10:29,,,14.09.2020 15:59,Done ,2021-03-26 14:09:00,277810,220649,0,0,0,0,0,846755,Done ,153.23
896,The APP ART,,THEAPP-191,Feature,Done,21.04.2020 14:41,App ART Funnel|Griffin|P&S|Release 2.0|Release 3.1|Skywalker|,,14.09.2020 15:59,Done ,2021-12-14 13:13:00,184298,228775,305387,148191,0,137,0,468091,Done ,473.86
898,The APP ART,,THEAPP-189,Feature,Done,24.02.2020 18:43,App ART Funnel|Release 3.0|Release 3.1|Stark|,,24.02.2020 19:01,Done ,2022-03-17 16:47:00,839255,41868,27012,154283,20342,0,0,333957,Done ,169.1
901,The APP ART,,THEAPP-186,Feature,Done,24.02.2020 18:33,Android|App ART Funnel|Design|Griffin|iOS|Release 3.1|Skywalker|Stromberg|,,24.02.2020 19:01,Done ,2022-08-05 22:38:00,758852,140712,149655,236942,0,0,0,130566,Done ,366.19
904,The APP ART,,THEAPP-183,Feature,Done,09.03.2020 18:12,CR|Release 1.0|Release 2.0|,,09.03.2020 18:13,Done ,2020-10-05 15:41:00,288158,15693,0,0,0,0,0,1092739,Done ,10.9
910,The APP ART,,THEAPP-175,Feature,Done,29.07.2020 15:20,,,14.09.2020 15:59,Done ,2021-06-11 12:08:00,388568,67719,0,0,0,0,0,735996,Done ,47.03
920,The APP ART,,THEAPP-142,Feature,Done,23.06.2020 10:53,P&S|Release 1.0|Release 2.0|,,23.06.2020 11:05,Done ,2020-06-29 17:40:00,0,12,9034,0,0,0,0,1235344,Done ,6.28
921,The APP ART,,THEAPP-141,Feature,Done,21.04.2020 14:21,P&S|Release 1.0|Release 2.0|,,15.06.2020 12:41,Done ,2020-06-24 17:47:00,0,79100,13265,0,0,0,0,1242538,Done ,64.14
922,The APP ART,,THEAPP-140,Feature,Done,23.06.2020 09:32,P&S|Release 1.0|Release 2.0|,,25.06.2020 09:45,Done ,2020-06-25 09:45:00,0,2892,0,0,0,0,0,1241580,Done ,2.01
923,The APP ART,,THEAPP-138,Feature,Done,21.04.2020 17:14,P&S|Release 1.0|Release 2.0|,,21.04.2020 17:14,Done ,2020-06-29 17:38:00,0,0,90690,0,8692,0,0,1235346,Done ,69.02
924,The APP ART,,THEAPP-137,Feature,Done,16.06.2020 16:27,P&S|Release 1.0|Release 2.0|,,25.06.2020 09:26,Done ,2020-06-29 17:39:00,0,12538,6253,0,0,0,0,1235345,Done ,13.05
926,The APP ART,,THEAPP-135,Feature,Done,11.02.2020 16:43,Release 1.0|Release 2.0|,,11.02.2020 16:47,Done ,2020-03-05 16:03:00,20318,3,12757,0,0,0,0,1402481,Done ,8.86
927,The APP ART,,THEAPP-134,Feature,Done,06.03.2020 10:19,Release 1.0|Release 2.0|,,06.03.2020 10:19,Done ,2020-06-24 17:46:00,0,0,8646,128572,21627,0,0,1242539,Done ,110.31
931,The APP ART,,THEAPP-130,Feature,Done,11.02.2020 15:57,Release 1.0|Release 2.0|,,11.02.2020 15:57,Done ,2020-04-22 17:19:00,1346,0,18799,82175,0,68783,0,1264502,Done ,70.12
932,The APP ART,,THEAPP-129,Feature,Done,17.02.2020 16:48,Release 1.0|Release 2.0|,,17.02.2020 16:49,Done ,2020-04-02 16:34:00,24466,0,0,40318,0,0,0,1362131,Done ,28.0
935,The APP ART,,THEAPP-126,Feature,Done,11.02.2020 16:50,Release 1.0|Release 2.0|,,11.02.2020 16:50,Done ,2020-05-27 13:33:00,20078,0,239,62775,69348,18609,0,1264502,Done ,91.92
937,The APP ART,,THEAPP-124,Feature,Done,11.02.2020 16:45,Release 1.0|Release 2.0|,,11.02.2020 16:47,Done ,2020-03-27 16:22:00,10181,1,10139,44453,0,42,0,1370740,Done ,37.91
938,The APP ART,,THEAPP-121,Feature,Done,20.02.2020 11:09,Release 1.0|Release 2.0|,,25.02.2020 15:24,Done ,2020-02-25 15:24:00,0,7454,0,0,0,0,0,1415480,Done ,5.18
939,The APP ART,,THEAPP-120,Feature,Done,01.10.2019 15:57,Release 1.0|Release 2.0|,,13.12.2019 10:19,Done ,2020-02-25 15:32:00,0,104781,106873,0,0,0,0,1415472,Done ,146.98
942,The APP ART,,THEAPP-117,Feature,Done,01.10.2019 14:49,Release 1.0|Release 2.0|,,30.10.2019 21:23,Done ,2020-03-05 15:36:00,0,42153,19498,163033,0,0,0,1402508,Done ,156.03
943,The APP ART,,THEAPP-116,Feature,Done,01.10.2019 15:57,Release 1.0|Release 2.0|,,30.01.2020 16:17,Done ,2020-02-25 15:31:00,0,174259,37393,0,0,0,0,1415473,Done ,146.98
944,The APP ART,,THEAPP-115,Feature,Done,01.10.2019 15:03,Release 1.0|Release 2.0|,,04.12.2019 09:26,Done ,2020-04-08 12:14:00,0,91823,0,181606,0,19,0,1353731,Done ,189.88
947,The APP ART,,THEAPP-112,Feature,Done,01.10.2019 14:58,Release 1.0|Release 2.0|,,10.12.2019 13:41,Done ,2020-03-05 15:40:00,0,100722,73568,50389,0,0,0,1402504,Done ,156.03
948,The APP ART,,THEAPP-111,Feature,Done,01.10.2019 15:39,Release 1.0|Release 2.0|,,13.11.2019 10:22,Done ,2020-03-05 15:37:00,0,61602,0,163034,0,0,0,1402507,Done ,156.0
951,The APP ART,,THEAPP-94,Feature,Done,03.07.2020 13:36,,,28.08.2020 17:56,Done ,2021-03-26 13:14:00,0,80900,28462,273655,0,0,0,846810,Done ,265.98
954,The APP ART,,THEAPP-89,Feature,Done,11.08.2020 12:13,P&S|Release 1.0|Release 2.0|Release 3.1|Skywalker|,,11.08.2020 12:14,Done ,2022-05-31 12:10:00,0,27390,617786,302337,0,0,0,226235,Done ,658.0
955,The APP ART,,THEAPP-88,Feature,Done,12.08.2020 20:03,Lebowski|P&S|,,12.08.2020 20:03,Done ,2021-11-30 13:23:00,11320,19088,532204,120983,0,0,0,488242,Done ,466.86
956,The APP ART,,THEAPP-87,Feature,Done,23.04.2020 17:05,CR|,,30.04.2020 09:46,Done ,2021-02-08 09:48:00,0,9641,311330,97630,0,0,0,913257,Done ,290.7
960,The APP ART,,THEAPP-82,Feature,Done,24.02.2020 14:40,Griffin|P&S|Release 1.0|Release 2.0|Release 3.0|Release 3.1|Release 4.0|Stark|,,24.02.2020 15:15,Done ,2022-08-05 22:30:00,30209,91945,887150,277082,0,0,0,130574,Done ,872.35
962,The APP ART,,THEAPP-80,Feature,Done,24.02.2020 15:03,P&S|Release 1.0|Release 2.0|Release 3.0|,,24.02.2020 15:15,Done ,2020-12-17 12:36:00,64636,11,362883,0,0,0,0,989409,Done ,252.01
966,The APP ART,,THEAPP-75,Feature,Done,10.07.2020 11:20,,,18.08.2020 18:49,Done ,2020-11-06 11:11:00,0,56609,42810,0,71931,0,0,1048533,Done ,118.99
967,The APP ART,,THEAPP-74,Feature,Done,24.02.2020 18:59,App ART Funnel|P&S|Release 1.0|Release 2.0|,,24.02.2020 19:01,Done ,2021-07-02 12:00:00,195362,2,321484,194089,0,0,0,705765,Done ,358.04
968,The APP ART,,THEAPP-73,Feature,Completed,24.02.2020 11:13,App ART Funnel|Backend|Griffin|Lebowski|P&S|Release 1.0|Release 2.0|Release 3.1|Release 3.2|,,24.02.2020 11:13,Done ,2021-12-14 10:58:00,63440,303314,318314,257838,6001,468226,0,32,Done ,614.91
969,The APP ART,,THEAPP-72,Feature,Done,24.02.2020 14:57,App ART Funnel|Griffin|P&S|Release 2.0|Release 3.0|Release 3.1|Release 3.2|Stark|,,24.02.2020 15:15,Done ,2022-05-06 09:19:00,14441,90668,823386,226042,0,0,0,262405,Done ,791.73
972,The APP ART,,THEAPP-69,Feature,Done,24.02.2020 14:14,App ART Funnel|P&S|Release 1.0|Release 2.0|Release 3.0|Release 3.1|Release 4.0|,,24.02.2020 15:15,Done ,2021-03-26 11:48:00,240270,60,329765,0,0,0,0,846894,Done ,229.05
973,The APP ART,,THEAPP-68,Feature,Done,16.07.2020 15:33,P&S|Release 3.0|Release 3.1|,,16.07.2020 15:36,Done ,2021-09-09 10:18:00,0,139552,152407,312521,0,0,0,606506,Done ,419.78
977,The APP ART,,THEAPP-64,Feature,Done,24.02.2020 18:54,P&S|Release 2.0|,,24.02.2020 19:01,Done ,2021-02-24 14:27:00,152108,7,276598,87996,0,10062,0,889938,Done ,253.2
979,The APP ART,,THEAPP-62,Feature,Done,24.02.2020 14:55,App ART Funnel|Backend|Griffin|Lebowski|P&S|Release 1.0|Release 2.0|Release 3.0|Release 3.1|Release 4.0|,,24.02.2020 15:15,Done ,2022-02-08 13:06:00,152339,19,735851,130869,0,10409,0,387458,Done ,601.9
980,The APP ART,,THEAPP-61,Feature,Done,24.02.2020 15:17,P&S|Release 2.0|Release 3.0|Release 3.1|,,24.02.2020 19:01,Done ,2021-07-21 10:08:00,244874,223,243020,189812,60477,0,0,678516,Done ,342.73
981,The APP ART,,THEAPP-60,Feature,Done,18.06.2020 11:36,P&S|Release 2.0|Release 3.0|Release 3.1|Release 4.0|Skywalker|Stark|,,18.06.2020 11:36,Done ,2022-06-28 10:07:00,28621,73803,653509,309573,0,0,0,186037,Done ,720.06
982,The APP ART,,THEAPP-59,Feature,Done,24.02.2020 18:57,P&S|Release 1.0|Release 2.0|Release 3.0|Release 3.1|Release 4.0|,,24.02.2020 19:01,Done ,2021-07-21 10:08:00,244850,4,352483,140852,0,0,0,678516,Done ,342.6
984,The APP ART,,THEAPP-57,Feature,Done,24.02.2020 18:41,CR|,,24.02.2020 19:01,Done ,2020-10-28 15:10:00,152110,19,144135,59202,0,0,0,1061254,Done ,141.22
985,The APP ART,,THEAPP-56,Feature,Done,24.02.2020 15:12,P&S|Release 1.0|Release 2.0|Release 3.0|Release 3.1|Release 4.0|,,24.02.2020 15:15,Done ,2021-05-05 15:08:00,195589,3,201950,230293,0,0,0,789096,Done ,300.17
986,The APP ART,,THEAPP-55,Feature,Done,09.04.2020 14:07,,,17.12.2020 12:40,Done ,2020-12-17 12:40:00,0,362793,0,0,0,0,0,989404,Done ,251.94
987,The APP ART,,THEAPP-53,Feature,Done,24.02.2020 11:16,P&S|,,24.02.2020 15:14,Done ,2022-06-28 10:59:00,63199,238,204760,156717,0,806266,0,185985,Done ,251.19
988,The APP ART,,THEAPP-49,Feature,Done,12.02.2020 18:55,,,24.02.2020 19:23,Done ,2021-03-26 12:20:00,1207,17307,28905,539703,0,0,0,846864,Done ,406.89
989,The APP ART,,THEAPP-47,Feature,Done,23.01.2020 09:46,,,24.02.2020 19:22,Done ,2021-01-26 13:16:00,71539,46656,8607,404766,0,0,0,931769,Done ,319.46
990,The APP ART,,THEAPP-46,Feature,Done,23.06.2020 09:18,,,23.06.2020 09:19,Done ,2020-11-16 10:51:00,0,1,52395,90419,0,67502,0,1034165,Done ,99.18
991,The APP ART,,THEAPP-45,Feature,Done,22.06.2020 13:44,,,22.06.2020 13:52,Done ,2020-11-16 10:37:00,0,8,82392,120619,1,8470,0,1034167,Done ,140.99
992,The APP ART,,THEAPP-44,Feature,Done,11.02.2020 16:59,,,11.02.2020 17:01,Done ,2020-11-16 10:37:00,20304,2,223148,149450,0,8469,0,1034168,Done ,258.75
993,The APP ART,,THEAPP-43,Feature,Done,24.02.2020 09:15,,,24.02.2020 10:50,Done ,2020-11-16 10:37:00,1958,94,123331,227739,0,29995,0,1034167,Done ,243.86
994,The APP ART,,THEAPP-42,Feature,Done,19.12.2019 14:15,P&S|,,04.02.2020 09:33,Done ,2021-04-07 14:52:00,0,67398,11810,604828,0,0,0,829432,Done ,475.02
995,The APP ART,,THEAPP-41,Feature,Done,21.04.2020 16:40,,,21.05.2020 11:01,Done ,2020-11-16 10:38:00,0,42860,0,181452,8779,67504,0,1034166,Done ,161.87
996,The APP ART,,THEAPP-40,Feature,Done,01.10.2019 16:57,Release 1.0|Release 2.0|,,24.02.2020 09:11,Done ,2020-11-16 11:55:00,1832,209773,212979,168389,0,0,0,1034089,Done ,410.51
998,The APP ART,,THEAPP-38,Feature,Done,10.12.2019 13:17,P&S|,,10.12.2019 13:18,Done ,2021-03-05 15:47:00,0,0,174047,475541,0,0,0,876897,Done ,451.1
999,The APP ART,,THEAPP-34,Feature,Done,01.10.2019 17:04,BOD|Release 3.1|Release 4.0|,,25.02.2020 15:35,Done ,2020-06-10 11:39:00,0,211590,0,152404,420283,70770,0,772011,Done ,544.64
1000,The APP ART,,THEAPP-33,Feature,Done,01.10.2019 15:45,P&S|,,10.12.2019 14:39,Done ,2021-02-25 16:21:00,0,100733,0,337036,300984,0,0,888384,Done ,513.02
1001,The APP ART,,THEAPP-30,Feature,Done,07.07.2020 13:22,PCS|,,27.08.2020 16:47,Done ,2021-02-15 16:55:00,57554,116724,118035,29017,0,0,0,902750,Done ,183.18
1002,The APP ART,,THEAPP-29,Feature,Done,07.07.2020 14:53,PCS|,,27.08.2020 16:47,Done ,2021-02-15 16:55:00,57563,73553,0,190123,0,0,0,902749,Done ,183.11
1003,The APP ART,,THEAPP-28,Feature,Done,03.07.2020 14:04,P&S|Release 3.1|Release 4.0|,,18.08.2020 19:26,Done ,2021-03-03 13:36:00,0,66562,42773,221890,0,18666,0,879908,Done ,230.02
1005,The APP ART,,THEAPP-26,Feature,Done,07.07.2020 14:04,PCS|,,27.08.2020 16:47,Done ,2021-02-15 16:55:00,57537,73602,0,190150,0,0,0,902749,Done ,183.16
1006,The APP ART,,THEAPP-25,Feature,Done,07.07.2020 13:06,PCS|Pikachu|,,27.08.2020 16:47,Done ,2022-02-04 14:18:00,281715,271015,82325,172763,23130,0,0,393146,Done ,381.41
1007,The APP ART,,THEAPP-24,Feature,Done,09.04.2020 10:42,P&S|,,09.04.2020 10:43,Done ,2021-01-27 09:42:00,200049,0,153209,19845,48753,0,0,930543,Done ,154.03
1009,The APP ART,,THEAPP-22,Feature,Done,24.07.2020 08:47,CR|P&S|,,24.07.2020 08:55,Done ,2021-06-08 21:19:00,41474,8976,399095,10564,0,0,0,739765,Done ,290.72
1010,The APP ART,,THEAPP-21,Feature,Done,01.07.2020 16:38,CR|P&S|,,01.07.2020 16:38,Done ,2021-06-21 11:49:00,41441,29039,391426,49002,0,0,0,721615,Done ,326.02
1011,The APP ART,,THEAPP-20,Feature,Done,11.05.2020 14:21,Griffin|P&S|Release 2.0|Release 3.0|Release 3.1|Release 4.0|Stark|,,16.07.2020 15:41,Done ,2022-01-11 13:17:00,4471,586125,206917,70638,10178,0,0,427768,Done ,606.85
1012,The APP ART,,THEAPP-19,Feature,Done,07.07.2020 14:16,PCS|,,27.08.2020 16:47,Done ,2021-02-15 16:55:00,90509,83714,51650,95403,0,0,0,902749,Done ,160.25
1016,The APP ART,,THEAPP-13,Feature,Done,18.06.2020 11:58,,,18.06.2020 11:58,Done ,2020-11-16 10:38:00,0,0,59437,27370,0,130551,0,1034166,Done ,60.28
1017,The APP ART,,THEAPP-12,Feature,Done,11.02.2020 15:55,,,11.02.2020 15:55,Done ,2020-11-16 10:38:00,1348,0,18798,233358,0,147936,0,1034166,Done ,175.11
1018,The APP ART,,THEAPP-9,Feature,Done,24.08.2020 15:37,CR|,,25.08.2020 17:47,Done ,2020-10-28 15:04:00,0,1569,32799,59197,0,0,0,1061260,Done ,64.98
1019,The APP ART,,THEAPP-8,Feature,Done,24.08.2020 15:33,CR|,,25.08.2020 17:46,Done ,2020-10-28 15:04:00,0,1573,32793,59203,0,0,0,1061261,Done ,64.98
1022,The APP ART,,THEAPP-5,Feature,Done,24.08.2020 15:25,CR|,,25.08.2020 17:47,Done ,2021-01-26 13:11:00,0,1581,32799,188684,0,0,0,931774,Done ,154.91
1023,The APP ART,,THEAPP-4,Feature,Done,24.08.2020 15:25,CR|,,25.08.2020 17:47,Done ,2021-04-01 14:37:00,0,1582,32799,282370,0,0,0,838087,Done ,219.97
1024,The APP ART,,THEAPP-3,Feature,Done,24.08.2020 15:25,CR|,,25.08.2020 17:47,Done ,2021-01-26 13:17:00,0,1582,32793,188696,0,0,0,931767,Done ,154.91
1025,The APP ART,,THEAPP-1,Feature,Done,19.08.2020 11:04,CR|,,25.08.2020 17:46,Done ,2020-10-28 10:33:00,0,9042,32793,58932,0,0,0,1061531,Done ,69.98
